subject,group,cent_bispectrum_coupling_entropy,cent_bispectrum_max_bicoherence,cent_bispectrum_mean_bicoherence,cent_bispectrum_mean_diagonal_bicoherence,cent_bispectrum_mean_offdiagonal_bicoherence,cent_bispectrum_peak_coupling_f1,cent_bispectrum_peak_coupling_f2,cent_bispectrum_peak_coupling_f_sum,cent_bispectrum_std_bicoherence,cent_bispectrum_strong_coupling_fraction,cent_phase_amp_modulation_index,cent_phase_amp_range,cent_phase_cv_inst_amplitude,cent_phase_freq_modulation_index,cent_phase_freq_range,cent_phase_iqr_inst_frequency,cent_phase_mean_inst_amplitude,cent_phase_mean_inst_frequency,cent_phase_median_inst_frequency,cent_phase_phase_amp_coupling,cent_phase_phase_coherence,cent_phase_phase_concentration,cent_phase_phase_entropy,cent_phase_std_inst_amplitude,cent_phase_std_inst_frequency,cent_spectral_alpha_power,cent_spectral_beta_power,cent_spectral_changepoint_density,cent_spectral_delta_power,cent_spectral_dominant_frequency,cent_spectral_dominant_power,cent_spectral_gamma_power,cent_spectral_high_low_ratio,cent_spectral_max_peak_prominence,cent_spectral_mean_peak_prominence,cent_spectral_n_changepoints,cent_spectral_n_spectral_peaks,cent_spectral_spectral_centroid,cent_spectral_spectral_entropy,cent_spectral_spectral_flatness,cent_spectral_spectral_spread,cent_spectral_spectral_std_time,cent_spectral_theta_power,cent_stft_centroid_trend,cent_stft_mean_spectral_flux,cent_stft_mean_temporal_centroid,cent_stft_mean_temporal_spread,cent_stft_std_spectral_flux,cent_stft_std_temporal_centroid,cent_stft_std_temporal_spread,cent_stft_temporal_modulation,cent_stft_tf_concentration,cent_wavelet_high_scale_energy_ratio,cent_wavelet_low_scale_energy_ratio,cent_wavelet_mean_dominant_scale,cent_wavelet_mean_freq_avg_power,cent_wavelet_mean_ridge_strength,cent_wavelet_mean_scale_avg_power,cent_wavelet_mid_scale_energy_ratio,cent_wavelet_scale_-1_entropy,cent_wavelet_scale_0_entropy,cent_wavelet_scale_12_entropy,cent_wavelet_scale_25_entropy,cent_wavelet_scale_37_entropy,cent_wavelet_scale_energy_entropy,cent_wavelet_std_dominant_scale,cent_wavelet_std_freq_avg_power,cent_wavelet_std_scale_avg_power,norm_bispectrum_coupling_entropy,norm_bispectrum_max_bicoherence,norm_bispectrum_mean_bicoherence,norm_bispectrum_mean_diagonal_bicoherence,norm_bispectrum_mean_offdiagonal_bicoherence,norm_bispectrum_peak_coupling_f1,norm_bispectrum_peak_coupling_f2,norm_bispectrum_peak_coupling_f_sum,norm_bispectrum_std_bicoherence,norm_bispectrum_strong_coupling_fraction,norm_phase_amp_modulation_index,norm_phase_amp_range,norm_phase_cv_inst_amplitude,norm_phase_freq_modulation_index,norm_phase_freq_range,norm_phase_iqr_inst_frequency,norm_phase_mean_inst_amplitude,norm_phase_mean_inst_frequency,norm_phase_median_inst_frequency,norm_phase_phase_amp_coupling,norm_phase_phase_coherence,norm_phase_phase_concentration,norm_phase_phase_entropy,norm_phase_std_inst_amplitude,norm_phase_std_inst_frequency,norm_spectral_alpha_power,norm_spectral_beta_power,norm_spectral_changepoint_density,norm_spectral_delta_power,norm_spectral_dominant_frequency,norm_spectral_dominant_power,norm_spectral_gamma_power,norm_spectral_high_low_ratio,norm_spectral_max_peak_prominence,norm_spectral_mean_peak_prominence,norm_spectral_n_changepoints,norm_spectral_n_spectral_peaks,norm_spectral_spectral_centroid,norm_spectral_spectral_entropy,norm_spectral_spectral_flatness,norm_spectral_spectral_spread,norm_spectral_spectral_std_time,norm_spectral_theta_power,norm_stft_centroid_trend,norm_stft_mean_spectral_flux,norm_stft_mean_temporal_centroid,norm_stft_mean_temporal_spread,norm_stft_std_spectral_flux,norm_stft_std_temporal_centroid,norm_stft_std_temporal_spread,norm_stft_temporal_modulation,norm_stft_tf_concentration,norm_wavelet_high_scale_energy_ratio,norm_wavelet_low_scale_energy_ratio,norm_wavelet_mean_dominant_scale,norm_wavelet_mean_freq_avg_power,norm_wavelet_mean_ridge_strength,norm_wavelet_mean_scale_avg_power,norm_wavelet_mid_scale_energy_ratio,norm_wavelet_scale_-1_entropy,norm_wavelet_scale_0_entropy,norm_wavelet_scale_12_entropy,norm_wavelet_scale_25_entropy,norm_wavelet_scale_37_entropy,norm_wavelet_scale_energy_entropy,norm_wavelet_std_dominant_scale,norm_wavelet_std_freq_avg_power,norm_wavelet_std_scale_avg_power,centMinusNorm_bispectrum_coupling_entropy,centMinusNorm_bispectrum_max_bicoherence,centMinusNorm_bispectrum_mean_bicoherence,centMinusNorm_bispectrum_mean_diagonal_bicoherence,centMinusNorm_bispectrum_mean_offdiagonal_bicoherence,centMinusNorm_bispectrum_peak_coupling_f1,centMinusNorm_bispectrum_peak_coupling_f2,centMinusNorm_bispectrum_peak_coupling_f_sum,centMinusNorm_bispectrum_std_bicoherence,centMinusNorm_bispectrum_strong_coupling_fraction,centMinusNorm_phase_amp_modulation_index,centMinusNorm_phase_amp_range,centMinusNorm_phase_cv_inst_amplitude,centMinusNorm_phase_freq_modulation_index,centMinusNorm_phase_freq_range,centMinusNorm_phase_iqr_inst_frequency,centMinusNorm_phase_mean_inst_amplitude,centMinusNorm_phase_mean_inst_frequency,centMinusNorm_phase_median_inst_frequency,centMinusNorm_phase_phase_amp_coupling,centMinusNorm_phase_phase_coherence,centMinusNorm_phase_phase_concentration,centMinusNorm_phase_phase_entropy,centMinusNorm_phase_std_inst_amplitude,centMinusNorm_phase_std_inst_frequency,centMinusNorm_spectral_alpha_power,centMinusNorm_spectral_beta_power,centMinusNorm_spectral_changepoint_density,centMinusNorm_spectral_delta_power,centMinusNorm_spectral_dominant_frequency,centMinusNorm_spectral_dominant_power,centMinusNorm_spectral_gamma_power,centMinusNorm_spectral_high_low_ratio,centMinusNorm_spectral_max_peak_prominence,centMinusNorm_spectral_mean_peak_prominence,centMinusNorm_spectral_n_changepoints,centMinusNorm_spectral_n_spectral_peaks,centMinusNorm_spectral_spectral_centroid,centMinusNorm_spectral_spectral_entropy,centMinusNorm_spectral_spectral_flatness,centMinusNorm_spectral_spectral_spread,centMinusNorm_spectral_spectral_std_time,centMinusNorm_spectral_theta_power,centMinusNorm_stft_centroid_trend,centMinusNorm_stft_mean_spectral_flux,centMinusNorm_stft_mean_temporal_centroid,centMinusNorm_stft_mean_temporal_spread,centMinusNorm_stft_std_spectral_flux,centMinusNorm_stft_std_temporal_centroid,centMinusNorm_stft_std_temporal_spread,centMinusNorm_stft_temporal_modulation,centMinusNorm_stft_tf_concentration,centMinusNorm_wavelet_high_scale_energy_ratio,centMinusNorm_wavelet_low_scale_energy_ratio,centMinusNorm_wavelet_mean_dominant_scale,centMinusNorm_wavelet_mean_freq_avg_power,centMinusNorm_wavelet_mean_ridge_strength,centMinusNorm_wavelet_mean_scale_avg_power,centMinusNorm_wavelet_mid_scale_energy_ratio,centMinusNorm_wavelet_scale_-1_entropy,centMinusNorm_wavelet_scale_0_entropy,centMinusNorm_wavelet_scale_12_entropy,centMinusNorm_wavelet_scale_25_entropy,centMinusNorm_wavelet_scale_37_entropy,centMinusNorm_wavelet_scale_energy_entropy,centMinusNorm_wavelet_std_dominant_scale,centMinusNorm_wavelet_std_freq_avg_power,centMinusNorm_wavelet_std_scale_avg_power
M1,M,5.58005,1.6289e+15,7.83221e+12,0.0261847,7.8934e+12,0,10.1562,10.1562,7.12031e+13,0.252569,69.0199,61.2281,0.254805,9.70293,2.25225,0.472883,34.5642,3.79995e-06,0.0389508,0.484123,0.96843,0.0315697,3.30728,8.80715,0.316828,2.00251,1.3658,0.0491902,146.343,0,669.534,0,0.0143988,0,0,41,0,0.966932,1.56419,0.088804,2.09033,12.6761,4.07655,7.26947e-05,3.64498,1.01355,2.69571,2.1288,0.204856,0.225907,0.165053,7.64067,0.100576,0.608789,0.703247,59.753,0.139216,59.753,0.290636,1.74317,2.59421,2.16634,2.50407,2.25469,3.52179,0.640988,64.5452,14.6837,5.46206,2.74431e+13,1.36469e+11,2.14858,1.37535e+11,0,10.1562,10.1562,1.2699e+12,0.346253,10.9334,13.3567,0.132763,6.13704,1.98983,0.202789,11.285,9.66731e-06,0.00420706,0.395585,0.991533,0.0084673,3.33694,1.49824,0.153205,0.471967,0.317205,0.0803839,44.7085,0,223.778,0,0.010694,0,0,67,0,0.767791,1.38079,0.0645197,1.79713,2.29405,0.821441,7.58e-05,1.34088,0.742571,2.45167,0.972662,0.237793,0.258821,0.032438,7.20152,0.164531,0.542415,0.816163,11.6018,0.0777322,11.6018,0.293053,1.27274,2.45138,1.99052,2.37356,1.85628,3.73228,0.653262,7.25732,2.66162,0.117997,1.60145e+15,7.69575e+12,-2.1224,7.75587e+12,0,0,0,6.99332e+13,-0.0936843,58.0865,47.8714,0.122042,3.56589,0.262422,0.270094,23.2792,-5.86735e-06,0.0347438,0.088539,-0.0231024,0.0231024,-0.0296687,7.30891,0.163622,1.53055,1.04859,-0.0311938,101.634,0,445.756,0,0.00370485,0,0,-26,0,0.19914,0.183408,0.0242842,0.293198,10.382,3.2551,-3.10525e-06,2.30409,0.270975,0.244043,1.15614,-0.0329373,-0.0329137,0.132615,0.439154,-0.0639557,0.0663732,-0.112916,48.1512,0.0614836,48.1512,-0.00241752,0.470435,0.142831,0.175821,0.130503,0.398405,-0.210488,-0.0122732,57.2878,12.0221
M2,M,5.33746,1.11079e+17,2.14008e+14,0.000704627,2.1568e+14,0,10.1562,10.1562,2.33792e+15,0.249985,278.01,173.475,0.220972,8.29564,2.42965,0.518773,139.825,3.28727e-06,0.0622847,0.395032,0.97275,0.0272498,3.65678,30.8973,0.316366,5.14001,3.28495,0.0351989,585.591,0,2722.99,0,0.00908393,0,0,25,0,0.886989,1.5173,0.0660228,1.77355,44.0456,22.0307,0.0001236,6.78063,0.81835,2.37437,12.042,0.354092,0.341981,0.621988,6.94329,0.201835,0.336455,3.22494,116.044,0.112495,116.044,0.46171,1.33575,1.25094,1.21344,2.38477,1.97521,3.71552,0.394992,90.5478,45.0086,5.45936,1.16509e+14,4.72429e+11,0.385898,4.7612e+11,0,10.3125,10.3125,4.52996e+12,0.290848,16.6031,16.3851,0.126583,9.6776,2.61248,0.286171,12.2202,2.08568e-05,0.00910837,0.416053,0.992304,0.0076962,3.10057,1.54686,0.214359,0.808135,0.555602,0.0337909,49.1088,0,242.47,0,0.0170602,0,0,24,0,0.918721,1.47595,0.0925778,2.18751,2.49594,1.38972,0.000227063,0.814092,1.04014,2.9586,1.01638,0.297475,0.277205,0.0415098,7.2637,0.133002,0.602154,0.763246,15.6044,0.0790526,15.6044,0.264844,1.39704,2.22584,2.23876,2.29048,1.82021,3.68255,0.297764,10.7538,4.13799,-0.121897,1.10962e+17,2.13536e+14,-0.385193,2.15204e+14,0,-0.15625,-0.15625,2.33339e+15,-0.0408629,261.407,157.09,0.094389,-1.38196,-0.182829,0.232601,127.605,-1.75695e-05,0.0531764,-0.0210212,-0.0195536,0.0195536,0.556213,29.3505,0.102007,4.33188,2.72934,0.00140795,536.482,0,2480.52,0,-0.00797627,0,0,1,0,-0.0317316,0.0413526,-0.026555,-0.413964,41.5497,20.641,-0.000103463,5.96653,-0.221786,-0.584232,11.0257,0.0566177,0.0647763,0.580478,-0.320407,0.068833,-0.2657,2.4617,100.439,0.033442,100.439,0.196867,-0.0612839,-0.974897,-1.02533,0.0942846,0.154999,0.0329718,0.0972281,79.7939,40.8706
M3,M,5.46227,3.0553e+17,1.09667e+15,0.000100749,1.10523e+15,0,10.1562,10.1562,1.04848e+16,0.249985,293.743,226.867,0.133867,8.10403,2.74455,0.314126,201.363,-0.000103812,0.027158,0.571291,0.989986,0.0100137,2.80676,26.9559,0.243216,10.572,6.63407,0.0147701,828.496,0,3989.2,0,0.0124558,0,0,11,0,0.871364,1.48476,0.0792541,1.94734,41.1962,24.8133,0.000212132,13.7054,0.960933,2.59372,13.7306,0.407149,0.296672,0.682538,7.3978,0.104351,0.620277,0.689405,328.371,0.0975795,328.371,0.275372,1.4398,2.55777,2.27744,2.69645,1.94861,3.60056,0.216551,274.257,43.5019,5.59831,1.3908e+14,6.13308e+11,0.26912,6.181e+11,0,10.1562,10.1562,5.56445e+12,0.274322,22.6703,28.014,0.246071,9.18462,2.59909,0.339132,14.2558,1.93993e-05,0.0306235,0.447539,0.972021,0.027979,3.39017,3.50794,0.261948,0.852611,0.573605,0.128902,58.0492,0,277.055,0,0.0151855,0,0,96,0,0.922307,1.51255,0.0893857,2.10342,5.13972,1.71005,0.000242683,2.75186,1.03245,2.72657,2.04635,0.403896,0.289283,0.0650038,7.57655,0.0724092,0.719536,0.564852,33.8911,0.151685,33.8911,0.208055,1.89967,2.7736,2.31626,2.46804,2.10969,3.36873,0.0452274,42.4474,4.36512,-0.136043,3.0539e+17,1.09605e+15,-0.269019,1.10462e+15,0,0,0,1.04792e+16,-0.0243375,271.073,198.853,-0.112204,-1.08059,0.145458,-0.0250064,187.107,-0.000123211,-0.00346551,0.123751,0.0179654,-0.0179654,-0.583401,23.448,-0.0187318,9.71934,6.06047,-0.114132,770.447,0,3712.15,0,-0.00272972,0,0,-85,0,-0.0509431,-0.0277973,-0.0101316,-0.156081,36.0565,23.1033,-3.05515e-05,10.9535,-0.071514,-0.132846,11.6843,0.00325343,0.00738946,0.617534,-0.178745,0.0319414,-0.0992588,0.124553,294.48,-0.0541055,294.48,0.0673174,-0.459871,-0.215837,-0.0388247,0.228407,-0.161083,0.231836,0.171324,231.81,39.1368
M4,M,5.70766,3.49974e+17,1.51724e+15,2.85566e-05,1.5291e+15,0,10.1562,10.1562,1.35099e+16,0.249985,341.111,348.646,0.213458,11.0378,3.74707,0.482475,162.559,-1.30705e-05,0.033032,0.416045,0.979201,0.0207989,3.27602,34.6995,0.326518,11.0067,7.37436,0.0504365,683.805,0,3182.3,0,0.0169622,0,0,26,0,1.02376,1.58324,0.100505,2.22842,52.1301,26.7335,-0.000192918,14.7602,1.13223,2.97373,15.5361,0.311557,0.315054,0.755602,7.0204,0.129244,0.547973,1.28337,214.219,0.0947704,214.219,0.322782,1.49747,2.67506,2.11018,2.12713,1.95707,3.6294,1.18974,177.051,67.4713,5.43789,6.50943e+14,2.71721e+12,0.0658106,2.73844e+12,0,10.1562,10.1562,2.55971e+13,0.2596,28.3573,17.8163,0.0963153,8.29911,1.54293,0.250893,24.7324,1.52122e-06,0.00717967,0.431441,0.9955,0.00450048,3.22518,2.38211,0.182471,1.43242,0.964353,0.0155189,98.5852,0,492.446,0,0.0147824,0,0,8,0,0.85883,1.43252,0.0823054,2.05732,3.86219,2.42687,0.000194693,1.67119,0.939828,2.8451,1.9725,0.321367,0.297591,0.068378,6.79295,0.17487,0.523204,0.833887,23.9732,0.0717558,23.9732,0.301927,1.32238,1.86844,1.74168,2.52966,1.80104,3.75455,0.561505,13.8848,5.50752,0.269765,3.49323e+17,1.51453e+15,-0.065782,1.52636e+15,0,0,0,1.34843e+16,-0.00961481,312.753,330.83,0.117142,2.73866,2.20414,0.231582,137.827,-1.45918e-05,0.0258524,-0.0153955,-0.0162984,0.0162984,0.0508385,32.3174,0.144047,9.5743,6.41001,0.0349176,585.22,0,2689.85,0,0.0021798,0,0,18,0,0.164932,0.150722,0.0182001,0.171103,48.2679,24.3067,-0.000387612,13.089,0.192407,0.128629,13.5636,-0.0098095,0.0174632,0.687224,0.227446,-0.0456254,0.0247695,0.449488,190.246,0.0230146,190.246,0.0208559,0.175096,0.80662,0.368506,-0.40253,0.156023,-0.125143,0.62824,163.166,61.9638
M5,M,5.23292,1.64759e+17,3.38631e+14,0.000242315,3.41276e+14,0,10.3125,10.3125,4.27791e+15,0.249985,306.865,315.038,0.287335,12.5868,3.60899,0.629594,122.746,-8.18231e-05,0.125955,0.332378,0.955459,0.0445412,3.25814,35.2693,0.416241,8.00563,3.61966,0.0372542,507.624,0,2348.86,0,0.0124478,0,0,27,0,1.05284,1.62517,0.0923546,2.06885,51.3792,37.1995,-0.000200238,10.697,1.07952,2.7029,9.78747,0.254701,0.28182,0.697931,7.23235,0.165068,0.428864,3.32982,124.677,0.0932136,124.677,0.406068,1.58303,1.71024,1.67508,2.2594,2.4245,3.7299,0.877455,82.0821,42.0511,5.63388,1.60404e+14,6.10815e+11,0.127093,6.15586e+11,0,10.1562,10.1562,5.57417e+12,0.264768,21.0884,44.6408,0.442413,9.2808,2.22736,0.310466,12.6339,-3.73414e-05,0.0174966,0.251209,0.936064,0.0639362,3.52382,5.58942,0.231648,0.778294,0.502244,0.182132,48.0941,0,234.833,0,0.0160805,0,0,132,0,0.950719,1.51493,0.095556,2.16736,7.67725,2.033,-5.9382e-05,4.41462,1.02798,2.866,4.17046,0.230935,0.236664,0.0845891,7.32779,0.110824,0.613924,0.803244,18.7947,0.0850907,18.7947,0.275252,1.90997,2.5808,2.12695,1.72146,1.8754,3.65522,0.564755,13.7058,6.24076,-0.400957,1.64599e+17,3.3802e+14,-0.126851,3.40661e+14,0,0.15625,0.15625,4.27234e+15,-0.0147828,285.777,270.398,-0.155078,3.30603,1.38163,0.319128,110.112,-4.44817e-05,0.108459,0.0811687,0.019395,-0.019395,-0.265677,29.6799,0.184593,7.22734,3.11741,-0.144878,459.53,0,2114.02,0,-0.00363273,0,0,-105,0,0.102118,0.110233,-0.00320143,-0.0985157,43.702,35.1665,-0.000140856,6.2824,0.0515372,-0.163103,5.61701,0.0237661,0.0451554,0.613342,-0.0954413,0.0542442,-0.18506,2.52658,105.882,0.00812293,105.882,0.130816,-0.326933,-0.870561,-0.451872,0.537936,0.549102,0.074679,0.3127,68.3763,35.8104
M6,M,5.44097,1.12189e+16,3.85698e+13,0.00296688,3.88712e+13,0,10.1562,10.1562,3.66515e+14,0.249985,130.852,55.6002,0.113272,7.60588,2.17028,0.422598,77.9727,1.0611e-05,0.0419581,0.667138,0.99363,0.00637021,3.36919,8.8321,0.269888,3.29568,1.97279,0.019211,327.167,0,1549.7,0,0.009746,0,0,14,0,0.855947,1.48443,0.0670596,1.79303,11.6561,9.66154,0.000161871,3.82212,0.826466,2.43519,4.94072,0.430171,0.329967,0.229201,7.01332,0.206716,0.349429,3.10849,64.1635,0.0987047,64.1635,0.443855,1.34453,1.63866,1.54931,2.52417,1.7812,3.75827,0.478594,41.6526,13.9981,5.64368,9.58473e+13,4.51053e+11,0.115931,4.54577e+11,0,10.1562,10.1562,4.1575e+12,0.269515,14.6663,13.5937,0.119637,9.75538,2.71139,0.22274,10.5911,6.00328e-06,0.00618502,0.402903,0.993945,0.0060552,2.89971,1.26709,0.200749,0.640115,0.447964,0.102916,42.2716,0,210.49,0,0.0158621,0,0,75,0,0.879417,1.44552,0.0861239,2.11414,2.24833,1.05982,-0.000210342,0.658626,0.951056,2.7783,0.746624,0.548502,0.584491,0.039045,7.18431,0.164606,0.532116,0.969389,10.9466,0.0697421,10.9466,0.303278,1.4433,2.14504,2.23522,2.08989,1.53604,3.75828,0.662528,6.1019,4.79623,-0.202709,1.1123e+16,3.81188e+13,-0.112964,3.84166e+13,0,0,0,3.62357e+14,-0.0195301,116.186,42.0066,-0.0063652,-2.14951,-0.541103,0.199858,67.3815,4.60768e-06,0.035773,0.264234,-0.000315007,0.000315007,0.469483,7.56501,0.069139,2.65556,1.52482,-0.083705,284.896,0,1339.21,0,-0.00611607,0,0,-61,0,-0.0234698,0.0389123,-0.0190643,-0.321111,9.4078,8.60171,0.000372213,3.16349,-0.12459,-0.343109,4.19409,-0.11833,-0.254523,0.190156,-0.170988,0.04211,-0.182687,2.1391,53.2169,0.0289626,53.2169,0.140577,-0.0987733,-0.506381,-0.685907,0.434277,0.245163,-1.13104e-05,-0.183934,35.5507,9.20189
M7,M,5.43503,8.28939e+16,3.83696e+14,0.000495599,3.86694e+14,0,10.1562,10.1562,3.652e+15,0.249985,194.675,240.925,0.144564,6.39539,1.76017,0.280206,158.727,-7.27966e-05,0.0152625,0.453122,0.98981,0.0101904,2.91246,22.9463,0.193836,6.44188,4.47073,0.027416,647.234,0,3141.12,0,0.0105468,0,0,20,0,0.798251,1.42911,0.0665044,1.79648,33.578,12.4012,1.94156e-05,10.4573,0.786808,2.46887,14.5656,0.306987,0.316737,0.511415,7.0596,0.179622,0.410254,2.29217,148.831,0.0901109,148.831,0.410124,1.06947,1.56067,1.33806,2.10311,1.60494,3.72271,0.593992,102.062,43.675,5.45955,6.54114e+14,2.46309e+12,0.0586303,2.48234e+12,0,10.1562,10.1562,2.38392e+13,0.254672,36.4091,36.1421,0.189548,9.73608,2.1309,0.353177,21.9025,3.24547e-06,0.0196091,0.460459,0.983647,0.0163532,3.37802,4.15157,0.264268,1.37789,0.962103,0.0370117,91.4265,0,430.664,0,0.0160969,0,0,27,0,0.950982,1.53709,0.0939088,2.14943,6.04579,2.54708,0.000128884,2.96055,1.04938,2.89612,2.48931,0.269966,0.255983,0.0820287,7.31662,0.14828,0.434307,2.34082,25.1218,0.0929668,25.1218,0.417413,1.57683,1.98795,1.93082,2.28514,2.08192,3.6951,0.529548,18.1734,5.76787,-0.0245198,8.22398e+16,3.81233e+14,-0.0581347,3.84211e+14,0,0,0,3.62816e+15,-0.00468722,158.266,204.783,-0.0449841,-3.34069,-0.370726,-0.072971,136.825,-7.60421e-05,-0.0043466,-0.00733674,0.00616278,-0.00616278,-0.465561,18.7947,-0.0704317,5.064,3.50863,-0.00959561,555.808,0,2710.45,0,-0.00555011,0,0,-7,0,-0.152731,-0.107983,-0.0274044,-0.352957,27.5322,9.85414,-0.000109468,7.49677,-0.262568,-0.42725,12.0763,0.0370211,0.0607544,0.429386,-0.257021,0.0313421,-0.0240528,-0.0486515,123.709,-0.00285589,123.709,-0.0072893,-0.507356,-0.427285,-0.592762,-0.182035,-0.476979,0.0276165,0.0644432,83.8883,37.9071
M8,M,5.4453,1.73301e+16,7.83922e+13,0.00111882,7.90046e+13,0,10.4688,10.4688,7.59398e+14,0.249985,204.077,137.427,0.189381,10.7831,3.15446,0.563253,89.2782,-2.00508e-05,0.0878417,0.515473,0.982776,0.0172237,3.075,16.9076,0.375254,5.301,2.62348,0.0165403,380.504,0,1754.34,0,0.0107483,0,0,12,0,0.999192,1.60271,0.085881,1.98548,23.6493,22.9406,0.000416576,5.16839,1.06763,2.61324,6.04411,0.482372,0.30679,0.371197,7.31743,0.148402,0.378424,2.27127,102.553,0.0839073,102.553,0.473174,1.25403,1.83169,1.43805,2.49182,2.23197,3.68464,1.09673,75.7497,24.553,5.45179,2.4343e+14,1.0203e+12,0.0867554,1.02827e+12,0,10.1562,10.1562,9.77692e+12,0.256775,37.413,16.1875,0.122999,11.1044,2.6348,0.500625,17.9885,-4.17936e-06,0.0790442,0.688584,0.992298,0.0077021,3.14456,2.21257,0.34005,1.24634,0.670285,0.019297,75.9469,0,357.054,0,0.0138309,0,0,14,0,1.01487,1.59274,0.0972891,2.12348,3.05918,4.32216,0.000318575,1.15542,1.1403,2.82333,1.14017,0.481287,0.287363,0.0596865,7.3655,0.147704,0.432575,2.14531,20.9275,0.071731,20.9275,0.419721,1.27916,2.04163,2.14224,2.52123,2.24415,3.73312,1.20933,12.8202,3.71363,-0.00649435,1.70867e+16,7.73719e+13,-0.0856366,7.79764e+13,0,0.3125,0.3125,7.49621e+14,-0.00679046,166.664,121.239,0.0663821,-0.32132,0.51966,0.0626286,71.2897,-1.58715e-05,0.00879756,-0.173111,-0.00952157,0.00952157,-0.0695645,14.695,0.0352042,4.05466,1.95319,-0.00275672,304.557,0,1397.29,0,-0.00308255,0,0,-2,0,-0.0156767,0.00997297,-0.0114081,-0.137998,20.5901,18.6185,9.80002e-05,4.01297,-0.0726639,-0.210087,4.90395,0.00108523,0.0194273,0.311511,-0.0480622,0.000697715,-0.0541514,0.125959,81.6255,0.0121762,81.6255,0.0534537,-0.0251258,-0.209943,-0.704198,-0.029404,-0.0121788,-0.0484769,-0.112591,62.9295,20.8394
M9,M,5.3572,7.43494e+17,1.6823e+15,9.94142e-05,1.69544e+15,0,10.1562,10.1562,1.78467e+16,0.249985,517.432,200.846,0.110286,6.32525,2.38765,0.384989,317.057,9.14185e-06,0.0212487,0.843237,0.993879,0.00612063,3.54604,34.967,0.262914,11.4617,6.50649,0.00990099,1360.23,0,6302.09,0,0.00766742,0,0,7,0,0.823221,1.49062,0.0608415,1.65826,36.2434,33.0133,0.000143597,14.037,0.754443,2.22518,23.3641,0.35784,0.346712,0.851535,7.00445,0.165151,0.372957,2.41372,326.284,0.120049,326.284,0.461892,1.01143,2.29978,1.38246,1.73718,1.8443,3.6158,0.476601,305.947,66.9569,5.46992,7.63083e+16,3.41975e+14,0.000604614,3.44647e+14,0,10.1562,10.1562,3.22144e+15,0.249985,342.913,192.472,0.171854,9.6085,3.28537,0.625792,140.344,-1.01705e-05,0.068576,0.824918,0.985229,0.0147707,3.28792,24.1187,0.397735,6.86938,4.60117,0.0169731,643.628,0,2764.74,0,0.0114539,0,0,12,0,0.973957,1.6146,0.0805232,1.93307,24.8706,16.5084,0.0001088,9.79757,1.00892,2.57433,10.5887,0.338794,0.312168,0.492959,7.32713,0.108669,0.455237,2.35362,222.078,0.116972,222.078,0.436095,1.04387,2.35958,1.75085,1.67955,1.77247,3.5227,0.568392,228.207,40.3873,-0.112718,6.67186e+17,1.34032e+15,-0.0005052,1.35079e+15,0,0,0,1.46253e+16,0,174.518,8.37375,-0.0615677,-3.28325,-0.897726,-0.240803,176.713,1.93124e-05,-0.0473273,0.0183192,0.0086501,-0.0086501,0.258117,10.8483,-0.134822,4.59228,1.90532,-0.00707214,716.598,0,3537.36,0,-0.00378643,0,0,-5,0,-0.150736,-0.123982,-0.0196817,-0.274806,11.3728,16.505,3.47967e-05,4.23938,-0.254476,-0.349151,12.7753,0.0190452,0.0345433,0.358575,-0.322679,0.0564824,-0.0822802,0.060102,104.206,0.00307715,104.206,0.0257977,-0.0324378,-0.0597989,-0.368394,0.057637,0.0718335,0.093099,-0.0917914,77.7401,26.5696
M10,M,5.45186,3.71443e+15,1.69747e+13,0.00467683,1.71073e+13,0,10.1562,10.1562,1.61086e+14,0.249985,107.727,50.6478,0.129995,12.4777,2.69004,0.574614,46.717,-1.95445e-05,0.121431,0.657791,0.99089,0.00910982,3.10364,6.07297,0.377063,3.4028,1.70774,0.0244815,194.598,0,926.167,0,0.0132953,0,0,18,0,1.05056,1.60559,0.0978493,2.15645,8.47517,14.9262,0.000224036,3.61492,1.12551,2.84855,3.25754,0.380987,0.284887,0.167132,7.31115,0.169403,0.454187,2.91515,47.6455,0.0796287,47.6455,0.37641,1.36842,1.87995,1.79805,2.25235,2.61021,3.75561,1.37662,27.8014,9.28583,5.43735,7.31003e+13,3.45439e+11,0.600062,3.48138e+11,0,10.1562,10.1562,3.2703e+12,0.286461,21.9843,13.5532,0.108867,8.49949,1.84392,0.354717,14.6839,-9.29769e-06,0.0575381,0.512936,0.994046,0.00595393,2.9686,1.5986,0.241243,0.799058,0.43308,0.0285617,59.1073,0,291.941,0,0.0110909,0,0,21,0,0.888945,1.48467,0.0794607,1.94046,2.42409,3.00744,0.000149775,1.01879,0.905722,2.61565,1.04519,0.392921,0.308269,0.0458212,7.12281,0.190543,0.473961,1.87447,13.1076,0.065964,13.1076,0.335496,1.13685,1.86506,1.72366,2.27868,2.23719,3.78857,1.49949,6.55745,3.2531,0.014511,3.64133e+15,1.66293e+13,-0.595385,1.67592e+13,0,0,0,1.57815e+14,-0.0364762,85.7426,37.0946,0.0211279,3.97823,0.846119,0.219897,32.0331,-1.02469e-05,0.0638928,0.144855,-0.00315589,0.00315589,0.135044,4.47438,0.13582,2.60375,1.27466,-0.00408024,135.491,0,634.226,0,0.00220442,0,0,-3,0,0.161618,0.120916,0.0183886,0.215997,6.05108,11.9188,7.42606e-05,2.59613,0.219787,0.232901,2.21235,-0.0119339,-0.0233823,0.121311,0.188339,-0.0211408,-0.0197735,1.04068,34.5378,0.0136648,34.5378,0.0409143,0.231567,0.0148955,0.0743895,-0.0263317,0.373016,-0.0329586,-0.122868,21.2439,6.03273
A1,A,5.4336,4.24156e+16,1.79413e+14,0.00102364,1.80815e+14,0,10.1562,10.1562,1.68973e+15,0.249985,174.23,120.298,0.0984834,4.90568,1.61262,0.245599,160.167,-1.01411e-06,0.0116256,0.644093,0.995206,0.0047943,3.11272,15.7738,0.17479,5.04668,3.08706,0.0179434,652.32,0,3187.63,0,0.00733162,0,0,13,0,0.736904,1.39535,0.0537975,1.5778,21.9293,13.2209,0.000125155,7.78367,0.657226,2.14715,10.7171,0.266253,0.29993,0.407931,6.96101,0.185701,0.385677,2.1258,145.669,0.0968106,145.669,0.428622,0.995447,1.72345,1.35216,1.8256,1.40716,3.71502,0.586733,103.269,38.255,5.44954,7.19194e+14,3.30613e+12,0.0576101,3.33196e+12,0,10.1562,10.1562,3.09511e+13,0.256655,35.4617,29.1075,0.118441,7.71123,2.10165,0.275044,28.3141,-1.65086e-06,0.0118259,0.522455,0.993398,0.00660218,2.91312,3.35356,0.20061,1.49262,0.999893,0.0151829,115.188,0,562.384,0,0.0132839,0,0,11,0,0.849636,1.45345,0.0788663,1.97406,5.0035,2.78266,4.34359e-05,1.89807,0.894047,2.69234,1.99815,0.230585,0.239802,0.0823541,7.15804,0.17007,0.427175,2.23446,28.201,0.0855875,28.201,0.402755,1.21851,1.67938,1.65529,1.87993,1.53086,3.73196,0.432863,18.2302,7.17645,-0.01594,4.16964e+16,1.76107e+14,-0.0565864,1.77483e+14,0,0,0,1.65877e+15,-0.00667027,138.769,91.1908,-0.019958,-2.80555,-0.489036,-0.0294452,131.853,6.36758e-07,-0.000200357,0.121637,0.00180789,-0.00180789,0.199594,12.4202,-0.0258201,3.55407,2.08717,0.00276052,537.131,0,2625.25,0,-0.00595227,0,0,2,0,-0.112731,-0.0580947,-0.0250688,-0.39626,16.9258,10.4383,8.17193e-05,5.8856,-0.236821,-0.545191,8.719,0.0356679,0.0601273,0.325577,-0.197026,0.0156311,-0.0414988,-0.108655,117.468,0.0112231,117.468,0.0258678,-0.223059,0.0440642,-0.30313,-0.0543309,-0.123696,-0.0169422,0.153871,85.0387,31.0786
A2,A,5.5035,5.51528e+14,2.60907e+12,0.0561843,2.62945e+12,0,10.1562,10.1562,2.43326e+13,0.257557,33.2723,33.8786,0.233335,12.591,2.3302,0.397722,18.2017,-1.45533e-05,0.0205854,0.320777,0.975154,0.0248464,3.29404,4.24711,0.287598,1.53365,1.06562,0.0430669,74.3332,0,354.784,0,0.0217265,0,0,33,0,1.05557,1.57269,0.113912,2.43823,6.45332,2.47881,6.34028e-05,2.30016,1.2504,3.24328,1.88181,0.200098,0.202523,0.0869736,7.52851,0.124149,0.569396,0.84349,24.8858,0.0843479,24.8858,0.306455,1.62682,2.43297,2.04397,2.52221,2.21137,3.66981,0.734459,18.1204,6.75083,5.5013,9.21736e+13,4.56203e+11,0.659881,4.59767e+11,0,10.1562,10.1562,4.23849e+12,0.306412,14.5817,48.4772,0.277231,8.6808,1.70695,0.232484,12.8799,-7.67185e-06,0.00887308,0.227153,0.9755,0.0245005,3.18958,3.57071,0.181022,0.789873,0.530131,0.0639478,49.9667,0,250.52,0,0.0159246,0,0,49,0,0.864295,1.42708,0.0845752,2.11365,4.83155,1.12953,8.60266e-06,1.82143,0.937498,2.84273,2.16364,0.22786,0.243857,0.0612482,7.32507,0.106375,0.70125,0.570466,20.3257,0.122112,20.3257,0.192375,1.53588,2.38586,1.88278,2.01843,1.48085,3.49535,0.110654,21.3082,6.5964,0.00220496,4.59354e+14,2.15286e+12,-0.603696,2.16968e+12,0,0,0,2.00941e+13,-0.0488552,18.6906,-14.5986,-0.0438954,3.9102,0.623243,0.165238,5.3218,-6.88143e-06,0.0117124,0.0936249,-0.000345895,0.000345895,0.104461,0.676395,0.106576,0.743776,0.535486,-0.0208809,24.3666,0,104.264,0,0.00580191,0,0,-16,0,0.191272,0.145612,0.0293367,0.324585,1.62177,1.34929,5.48002e-05,0.478733,0.312898,0.400547,-0.28183,-0.0277625,-0.0413338,0.0257254,0.203443,0.0177737,-0.131853,0.273024,4.56013,-0.0377642,4.56013,0.11408,0.0909391,0.0471085,0.161189,0.503783,0.730518,0.174453,0.623805,-3.18779,0.154422
A3,A,5.49918,2.64322e+15,6.34689e+12,0.00866482,6.39647e+12,0,10.1562,10.1562,6.27575e+13,0.250225,46.5628,25.5683,0.109058,10.7605,3.57565,0.318095,29.0227,3.52295e-05,0.00712789,0.63076,0.994032,0.00596783,3.30664,3.16516,0.254,2.65598,1.29753,0.0660475,120.094,0,576.988,0,0.0182265,0,0,48,0,0.971039,1.5295,0.0994335,2.2423,4.75653,3.23296,-4.46677e-05,1.72942,1.09996,3.00392,2.12164,0.254468,0.263366,0.0844801,7.31984,0.137391,0.503498,1.26576,36.303,0.0919631,36.303,0.359112,1.60088,2.17496,2.00091,2.23635,1.89705,3.64281,0.880306,29.5252,6.8864,5.58094,4.40569e+14,1.64359e+12,0.0563022,1.65643e+12,0,10.1562,10.1562,1.5483e+13,0.256475,30.3773,42.7573,0.161438,18.2571,4.4832,0.543481,12.2164,6.59417e-06,0.00164947,0.599224,0.987905,0.0120951,2.81338,1.97219,0.391558,1.65504,1.0353,0.0288958,52.5898,0,241.312,0,0.0307577,0,0,21,0,1.28075,1.7189,0.154221,2.81468,3.02445,2.59702,0.000313817,1.01912,1.63779,3.66449,1.0238,0.215181,0.216308,0.0516889,7.76457,0.0965672,0.565336,0.943752,22.2429,0.0994164,22.2429,0.338097,1.3862,2.34168,1.96047,1.90158,1.62789,3.57215,0.719802,19.8424,6.78175,-0.0817616,2.20265e+15,4.70329e+12,-0.0476374,4.74004e+12,0,0,0,4.72745e+13,-0.00624962,16.1855,-17.1889,-0.0523803,-7.49659,-0.907548,-0.225386,16.8064,2.86353e-05,0.00547842,0.0315353,0.00612731,-0.00612731,0.493258,1.19297,-0.137558,1.00094,0.262229,0.0371517,67.5041,0,335.676,0,-0.0125311,0,0,27,0,-0.309706,-0.189395,-0.0547878,-0.57239,1.73208,0.635947,-0.000358484,0.710298,-0.53783,-0.660563,1.09784,0.0392876,0.0470581,0.0327912,-0.444728,0.0408236,-0.0618385,0.322009,14.0602,-0.00745328,14.0602,0.0210149,0.21468,-0.166714,0.0404385,0.334775,0.269161,0.0706548,0.160504,9.68272,0.104648
A4,A,6.12569,7.43527e+13,4.23969e+11,0.257212,4.27281e+11,0,10.1562,10.1562,3.34212e+12,0.282916,13.3459,49.9375,0.213075,9.57851,2.71133,0.23848,10.6409,-4.21757e-06,0.0045089,0.321322,0.982406,0.0175935,2.95176,2.2673,0.185936,0.718208,0.489933,0.118335,41.204,0,208.769,0,0.0177401,0,0,86,0,0.904679,1.44475,0.0934706,2.21854,3.43853,1.37875,2.80031e-05,1.75401,1.00506,2.9805,1.70453,0.257353,0.248541,0.0502136,7.31502,0.126771,0.646956,0.627403,14.3621,0.0931894,14.3621,0.226273,0.870613,1.76915,1.21032,1.30828,1.26007,3.60905,0.140904,12.1442,9.8703,5.45235,3.90736e+13,1.70158e+11,1.70194,1.71487e+11,0,10.1562,10.1562,1.59401e+12,0.344631,9.06878,10.0366,0.0780625,6.44162,1.57127,0.15893,11.3515,-1.31656e-05,-0.0014069,0.417088,0.997038,0.00296219,2.89482,0.886126,0.125904,0.522176,0.354633,0.0646715,44.1403,0,226.352,0,0.0120098,0,0,47,0,0.760384,1.34943,0.0668235,1.86306,1.45957,0.898502,0.000120182,0.639658,0.757398,2.57876,1.00232,0.290795,0.288436,0.0270885,7.00685,0.160989,0.612277,0.712313,11.9274,0.0991372,11.9274,0.226734,1.20857,2.11971,1.94142,1.76384,1.58837,3.65177,0.199139,9.51613,3.35872,0.673342,3.52791e+13,2.53811e+11,-1.44473,2.55794e+11,0,0,0,1.7481e+12,-0.061715,4.27708,39.9009,0.135012,3.13689,1.14006,0.0795503,-0.710624,8.94799e-06,0.0059158,-0.0957655,-0.0146313,0.0146313,0.0569385,1.38118,0.0600321,0.196031,0.135299,0.0536636,-2.93632,0,-17.5831,0,0.00573022,0,0,39,0,0.144295,0.0953213,0.026647,0.355476,1.97896,0.480252,-9.21791e-05,1.11435,0.247666,0.401735,0.702217,-0.0334423,-0.0398955,0.0231251,0.308169,-0.0342174,0.0346791,-0.0849097,2.43472,-0.00594784,2.43472,-0.000461767,-0.337959,-0.350563,-0.731092,-0.455561,-0.328301,-0.0427154,-0.0582352,2.62805,6.51158
A5,A,5.45894,3.16613e+16,1.36585e+14,0.00112705,1.37652e+14,0,10.1562,10.1562,1.28697e+15,0.249985,154.625,148.237,0.188944,6.41584,1.8147,0.285351,121.107,1.09324e-06,0.0157508,0.362302,0.979024,0.0209761,3.06429,22.8825,0.20173,5.47717,3.00981,0.0523777,488.335,0,2373.67,0,0.0097001,0,0,38,0,0.80204,1.43047,0.0642429,1.76603,34.2524,9.95303,0.000217172,11.1398,0.780266,2.38099,11.3602,0.414385,0.33289,0.500067,7.11051,0.141443,0.573853,0.650079,144.032,0.120319,144.032,0.284704,1.25406,2.69073,1.75438,2.46485,1.80383,3.60128,0.540246,135.684,46.7989,5.47273,5.13894e+14,2.42452e+12,0.0940319,2.44346e+12,0,10.1562,10.1562,2.26151e+13,0.260742,26.1539,44.4574,0.175546,7.51291,2.10818,0.21707,25.146,-1.50217e-05,0.00405912,0.32824,0.987044,0.0129555,3.0638,4.41428,0.164455,1.29395,0.902949,0.0399724,98.9027,0,496.13,0,0.0136497,0,0,29,0,0.819654,1.40385,0.0756327,1.98125,6.50389,2.01297,0.000161534,3.21861,0.867622,2.70083,3.5055,0.41107,0.300161,0.0906757,7.15924,0.149458,0.582522,0.615377,28.5139,0.0888511,28.5139,0.26802,1.58797,2.52433,2.08839,2.31364,1.80303,3.68912,0.207867,20.416,8.77122,-0.0137876,3.11474e+16,1.3416e+14,-0.0929048,1.35208e+14,0,0,0,1.26436e+15,-0.0107566,128.471,103.779,0.0133977,-1.09707,-0.293481,0.0682808,95.9614,1.6115e-05,0.0116916,0.0340623,-0.0080206,0.0080206,0.000496858,18.4682,0.0372753,4.18322,2.10686,0.0124052,389.432,0,1877.54,0,-0.00394963,0,0,9,0,-0.0176143,0.0266238,-0.0113898,-0.21522,27.7485,7.94006,5.56377e-05,7.92116,-0.0873554,-0.319842,7.85465,0.00331505,0.0327288,0.409392,-0.0487306,-0.00801491,-0.00866906,0.0347016,115.518,0.0314683,115.518,0.016684,-0.333912,0.166406,-0.334011,0.15121,0.000804826,-0.0878398,0.332379,115.268,38.0277
A6,A,5.73801,9.60415e+12,4.84236e+10,0.698539,4.88019e+10,0,10.3125,10.3125,4.32882e+11,0.31819,12.9668,8.39084,0.432178,63.8744,38.3375,0.906926,2.95351,0.178281,0.260026,0.0752588,0.757716,0.242284,3.19133,1.27644,1.42113,0.585184,0.404373,0.0635236,13.3603,0,49.1322,0,0.0484962,0,0,32,0,1.8701,2.08992,0.2381,3.42771,2.07693,1.17632,0.0022234,0.647292,2.49485,4.13931,0.311152,0.750324,0.413943,0.0290446,7.98547,0.059874,0.521976,2.03534,8.86343,0.105079,8.86343,0.41815,2.25608,2.67693,2.42812,2.51404,2.41566,3.51629,0.421874,8.25328,1.26678,5.4441,5.64213e+13,2.51791e+11,0.499678,2.53758e+11,0,10.625,10.625,2.43093e+12,0.295715,19.7723,12.4041,0.141827,7.2411,2.27147,0.291662,14.1679,1.01387e-05,0.0300037,0.525433,0.98992,0.0100801,3.38174,2.0094,0.231666,0.632822,0.37422,0.0138958,58.2187,0,280.568,0,0.0100282,0,0,7,0,0.844405,1.48366,0.0723352,1.81648,2.89703,2.30749,8.12606e-05,1.30408,0.852181,2.45336,1.11729,0.278266,0.307131,0.04669,6.80588,0.144689,0.467284,1.58101,16.5955,0.0987606,16.5955,0.388027,1.45801,1.99211,1.77533,2.20176,2.01438,3.64351,0.717212,13.4958,2.84761,0.293903,-4.68171e+13,-2.03367e+11,0.198861,-2.04956e+11,0,-0.3125,-0.3125,-1.99805e+12,0.0224746,-6.80555,-4.01324,0.290351,56.6333,36.0661,0.615264,-11.2144,0.17827,0.230022,-0.450174,-0.232204,0.232204,-0.190418,-0.732955,1.18947,-0.0476374,0.030153,0.0496278,-44.8584,0,-231.436,0,0.038468,0,0,25,0,1.0257,0.606255,0.165765,1.61123,-0.8201,-1.13117,0.00214213,-0.656784,1.64267,1.68595,-0.806135,0.472058,0.106811,-0.0176454,1.17958,-0.0848149,0.0546921,0.454326,-7.73202,0.00631883,-7.73202,0.0301229,0.798063,0.684822,0.652793,0.312284,0.401276,-0.127215,-0.295338,-5.24249,-1.58083
A7,A,5.61886,1.16143e+15,5.60627e+12,0.0221128,5.65007e+12,0,10.1562,10.1562,5.11278e+13,0.25329,39.8266,52.7332,0.30695,12.523,2.9177,0.349569,23.3772,-3.0887e-05,0.0162461,0.366068,0.952432,0.0475679,3.31435,7.17564,0.273051,1.9115,1.34324,0.110155,92.442,0,445.866,0,0.0219063,0,0,80,0,1.03282,1.54962,0.112355,2.43659,10.6487,2.93526,0.000339132,3.31097,1.1882,3.14154,2.33091,0.301864,0.295975,0.128679,7.56313,0.109637,0.619978,0.701866,37.1736,0.0868379,37.1736,0.270386,1.6772,2.19295,2.10235,2.45966,2.14492,3.63697,0.307128,28.5403,11.8618,5.63748,1.21548e+14,6.80211e+11,0.415355,6.85525e+11,0,10.1562,10.1562,5.98804e+12,0.298179,17.0451,28.3807,0.310738,8.56336,2.12689,0.239821,14.2508,-2.98577e-06,0.00321621,0.40456,0.955807,0.0441932,3.61559,4.42825,0.181383,0.843443,0.595325,0.250602,54.5446,0,272.345,0,0.01621,0,0,182,0,0.873661,1.43452,0.0861484,2.13262,6.29011,1.28305,0.00011486,3.18727,0.936732,2.82967,2.39494,0.25397,0.248442,0.0641287,7.33008,0.117799,0.643437,0.581841,20.9355,0.109183,20.9355,0.238764,2.25472,2.68975,2.16341,2.43015,2.41558,3.57802,0.189781,19.6452,5.18392,-0.0186271,1.03988e+15,4.92606e+12,-0.393242,4.96455e+12,0,0,0,4.51398e+13,-0.0448891,22.7815,24.3525,-0.0037878,3.95965,0.790812,0.109748,9.12647,-2.79013e-05,0.0130299,-0.0384917,-0.00337471,0.00337471,-0.301242,2.74739,0.0916676,1.06806,0.747919,-0.140448,37.8974,0,173.521,0,0.00569629,0,0,-102,0,0.159155,0.115096,0.0262065,0.303965,4.35858,1.65221,0.000224272,0.123703,0.251463,0.311874,-0.064034,0.0478948,0.0475329,0.0645499,0.233048,-0.00816225,-0.0234596,0.120025,16.238,-0.0223453,16.238,0.0316218,-0.577521,-0.496798,-0.061059,0.0295081,-0.27066,0.0589566,0.117347,8.89513,6.67783
A8,A,5.62151,2.19203e+14,1.08575e+12,0.184049,1.09423e+12,0,10.1562,10.1562,9.75795e+12,0.274563,20.6849,30.4667,0.230531,9.47827,2.2009,0.266809,15.5858,9.6739e-06,0.00309998,0.414027,0.973875,0.0261252,3.46304,3.593,0.201236,1.03726,0.718024,0.173854,61.1899,0,303.689,0,0.0176096,0,0,127,0,0.914265,1.46395,0.0929442,2.21057,5.42371,1.60407,3.0276e-05,2.06042,1.0123,2.94291,1.39036,0.25911,0.253326,0.0576823,7.3812,0.130573,0.608153,0.598752,20.7239,0.0927339,20.7239,0.261275,1.89648,2.60111,2.16134,2.53624,1.93071,3.64587,0.188367,16.6584,5.4799,5.55049,4.01134e+13,2.07106e+11,0.88128,2.08724e+11,0,10.1562,10.1562,1.894e+12,0.352924,12.2858,20.2406,0.235544,8.32165,2.31462,0.253903,10.1838,4.12368e-06,0.0112942,0.461167,0.97447,0.0255305,3.43554,2.39873,0.191136,0.58014,0.403009,0.0999316,39.976,0,198.426,0,0.0151461,0,0,73,0,0.852185,1.42871,0.0819344,2.06471,3.41913,0.890762,1.18579e-05,1.56534,0.906486,2.71404,1.02534,0.25813,0.270179,0.0423598,7.39435,0.0712312,0.792523,0.692788,24.4923,0.160875,24.4923,0.136246,1.73192,2.62357,2.32743,2.5201,1.99768,3.22529,0.0610925,35.2902,6.93473,0.0710265,1.7909e+14,8.78644e+11,-0.69723,8.85508e+11,0,0,0,7.86395e+12,-0.0783607,8.39908,10.2261,-0.00501313,1.15662,-0.113724,0.0129067,5.40201,5.55022e-06,-0.00819419,-0.04714,-0.000594674,0.000594674,0.027494,1.19428,0.0100995,0.457117,0.315015,0.073922,21.2139,0,105.263,0,0.0024635,0,0,54,0,0.0620799,0.0352382,0.0110099,0.14586,2.00458,0.713308,1.84181e-05,0.49508,0.105813,0.228869,0.365028,0.000979609,-0.0168529,0.0153225,-0.013149,0.0593415,-0.184371,-0.0940355,-3.76848,-0.0681411,-3.76848,0.125029,0.16456,-0.0224516,-0.16609,0.0161447,-0.0669634,0.420589,0.127275,-18.6318,-1.45483
A9,A,5.4825,2.92065e+13,1.36759e+11,1.02033,1.37827e+11,0,10.3125,10.3125,1.28132e+12,0.335737,13.056,11.9223,0.156148,10.8688,2.44925,0.358984,7.6254,8.27871e-06,0.0093805,0.467607,0.988186,0.011814,3.14301,1.19069,0.265784,0.609296,0.374896,0.0574225,31.5466,0,150.716,0,0.0181695,0,0,44,0,0.992249,1.54331,0.102639,2.27895,1.88429,0.905576,4.83356e-05,0.796121,1.13371,3.05612,0.602965,0.215795,0.241163,0.0276904,7.40508,0.143197,0.506679,1.75737,9.08982,0.0737522,9.08982,0.350124,1.76195,2.12798,2.1631,2.49952,2.103,3.72719,1.08228,5.53769,2.31868,5.41594,1.47818e+13,8.20271e+10,4.30402,8.26679e+10,0,10.1562,10.1562,7.71393e+11,0.366144,8.11899,7.19607,0.0800239,6.97901,1.27648,0.196478,8.83748,1.02955e-05,0.00653115,0.414292,0.99677,0.00322965,3.11873,0.70721,0.147094,0.456497,0.289127,0.0117455,34.8359,0,176.191,0,0.0123839,0,0,9,0,0.789493,1.37951,0.0705473,1.90757,1.17061,0.636706,7.65216e-05,0.511346,0.793694,2.63776,0.58552,0.224867,0.23944,0.0204253,7.03605,0.205438,0.468608,1.12366,7.26905,0.0599852,7.26905,0.325954,1.27529,1.66471,1.77557,2.26337,1.68705,3.8115,0.809152,3.19784,1.8271,0.066565,1.44248e+13,5.47318e+10,-3.28369,5.51594e+10,0,0.15625,0.15625,5.09931e+11,-0.0304068,4.93702,4.7262,0.0761243,3.8898,1.17277,0.162507,-1.21207,-2.01682e-06,0.00284936,0.0533149,-0.00858439,0.00858439,0.0242774,0.483483,0.11869,0.152798,0.085769,0.045677,-3.28929,0,-25.4752,0,0.0057856,0,0,35,0,0.202757,0.163804,0.0320919,0.371384,0.713682,0.26887,-2.8186e-05,0.284775,0.340013,0.418362,0.0174448,-0.00907165,0.00172324,0.00726517,0.369027,-0.0622415,0.0380715,0.633708,1.82077,0.013767,1.82077,0.02417,0.486661,0.46327,0.387528,0.236146,0.415955,-0.0843065,0.273128,2.33985,0.491577
A10,A,5.46829,5.79226e+13,2.47125e+11,0.858868,2.49056e+11,0,10.1562,10.1562,2.33501e+12,0.322216,12.0112,11.9522,0.135262,8.58363,2.42268,0.232575,10.4785,-1.3982e-05,0.00507736,0.364519,0.990905,0.00909483,3.14904,1.41734,0.179194,0.628911,0.433376,0.094878,41.4265,0,207.69,0,0.0156662,0,0,69,0,0.864495,1.42987,0.0843742,2.09875,2.26878,0.991551,3.32655e-05,1.31281,0.947162,2.85823,1.02164,0.268226,0.263342,0.0321971,7.21142,0.155248,0.562903,0.614317,11.4629,0.0906601,11.4629,0.281849,1.54513,2.71333,2.05609,2.52585,1.977,3.70082,0.300088,8.21116,2.60114,5.45951,5.93926e+13,2.65119e+11,1.02463,2.67191e+11,0,10.1562,10.1562,2.48342e+12,0.338862,11.0384,14.1441,0.17644,7.8717,2.27738,0.195614,11.327,-5.92685e-05,0.00280432,0.269462,0.985315,0.0146852,3.27995,1.99853,0.153518,0.607174,0.43589,0.0605019,43.9511,0,223.171,0,0.0146256,0,0,44,0,0.820562,1.38995,0.0774549,2.0282,3.00208,0.918653,0.000162004,1.60942,0.866361,2.77034,1.36473,0.273728,0.273309,0.0391386,7.1347,0.158116,0.581589,0.559212,12.0968,0.0974765,12.0968,0.260295,1.44762,2.64749,2.01462,2.34312,1.95327,3.67931,0.164441,9.33415,2.94868,0.00878718,-1.47004e+12,-1.79942e+10,-0.165762,-1.81348e+10,0,0,0,-1.48408e+11,-0.0166456,0.972777,-2.19189,-0.0411785,0.711929,0.1453,0.036961,-0.848442,4.52865e-05,0.00227304,0.095057,0.00559036,-0.00559036,-0.130915,-0.58119,0.0256766,0.0217366,-0.00251358,0.0343761,-2.52452,0,-15.4817,0,0.00104062,0,0,25,0,0.0439331,0.0399214,0.00691935,0.0705473,-0.7333,0.072898,-0.000128739,-0.296613,0.0808011,0.0878909,-0.343083,-0.00550201,-0.00996682,-0.00694143,0.0767177,-0.00286763,-0.0186864,0.0551053,-0.633904,-0.00681636,-0.633904,0.021554,0.0975098,0.065841,0.0414698,0.182733,0.0237244,0.0215157,0.135647,-1.12299,-0.347547
A11,A,5.48416,5.98593e+14,2.96051e+12,0.0461531,2.98364e+12,0,10.1562,10.1562,2.75096e+13,0.252329,43.6759,26.8462,0.118712,9.25517,2.01491,0.418252,25.2424,-7.94794e-06,0.0302135,0.712355,0.99296,0.00703986,3.22336,2.99658,0.278012,1.49158,1.00093,0.0192638,107.043,0,501.331,0,0.014469,0,0,14,0,0.932364,1.52774,0.086666,2.07079,4.047,2.58689,9.84946e-05,1.95503,1.007,2.78258,1.78739,0.25477,0.254594,0.0741823,7.30608,0.129958,0.530054,1.63143,33.2264,0.0827078,33.2264,0.339988,1.57887,2.36993,2.18427,2.60223,1.98441,3.67554,1.07523,23.6645,6.77166,5.51227,1.28557e+14,6.40905e+11,0.205699,6.45912e+11,0,10.1562,10.1562,5.9031e+12,0.278889,28.1067,16.8711,0.13937,7.98679,2.4654,0.417185,17.0948,-2.38291e-05,0.0383489,0.633325,0.990393,0.00960679,3.21671,2.3825,0.26283,0.861957,0.54293,0.0343997,71.9782,0,338.637,0,0.0118666,0,0,25,0,0.878527,1.49888,0.0762626,1.91645,3.42738,1.64277,0.000102062,1.7851,0.905644,2.56743,1.48065,0.258112,0.28082,0.0548878,7.27328,0.120408,0.573122,1.04771,24.2379,0.0935928,24.2379,0.306471,1.57982,2.19966,2.11971,2.49875,2.03572,3.63492,0.747608,18.9653,6.29849,-0.0281034,4.70036e+14,2.3196e+12,-0.159546,2.33773e+12,0,0,0,2.16065e+13,-0.0265609,15.5692,9.97503,-0.0206576,1.26838,-0.450493,0.00106681,8.14762,1.58812e-05,-0.00813541,0.0790298,0.00256693,-0.00256693,0.00665206,0.614083,0.0151816,0.629626,0.457997,-0.0151359,35.065,0,162.694,0,0.0026024,0,0,-11,0,0.0538374,0.0288592,0.0104034,0.154344,0.619615,0.944112,-3.56727e-06,0.169925,0.101355,0.215149,0.306736,-0.00334189,-0.0262262,0.0192945,0.032801,0.00955021,-0.0430679,0.583713,8.9885,-0.010885,8.9885,0.0335177,-0.000947077,0.17027,0.0645544,0.103482,-0.0513099,0.0406257,0.327626,4.69917,0.473174
A12,A,5.49836,1.87578e+15,7.71527e+12,0.0175685,7.77555e+12,0,10.1562,10.1562,7.19156e+13,0.250105,44.2551,52.0056,0.158266,10.3757,2.18247,0.325849,29.8215,2.06334e-05,0.0115039,0.374884,0.990223,0.00977685,3.0089,4.71972,0.235404,2.07148,1.46253,0.0275198,120.939,0,590.127,0,0.0181654,0,0,20,0,0.954412,1.50304,0.097797,2.25365,7.17112,3.42486,2.39542e-05,2.31638,1.09064,3.04556,2.61357,0.251307,0.23741,0.111022,7.31539,0.150523,0.529735,0.99901,33.7332,0.0767169,33.7332,0.319742,1.57338,2.38112,1.95706,2.39156,1.86828,3.72521,0.909576,21.3089,10.4639,5.80661,2.62383e+14,1.1445e+12,0.0406016,1.15344e+12,0,10.1562,10.1562,9.97863e+12,0.252028,22.3028,53.2414,0.262857,7.30107,2.74402,0.23633,18.3123,-1.11658e-05,0.00546892,0.318393,0.974321,0.0256788,3.33444,4.81353,0.177456,0.913856,0.623918,0.0894393,71.8575,0,356.147,0,0.0131135,0,0,65,0,0.83069,1.42463,0.0761619,1.95928,6.91927,1.60689,4.77017e-05,2.27768,0.848767,2.62695,2.33928,0.292162,0.284301,0.0904625,7.23441,0.128779,0.622041,0.618502,24.1725,0.097364,24.1725,0.249179,1.3996,2.33338,1.86891,2.24121,1.45088,3.61161,0.23149,20.7101,11.4442,-0.308249,1.6134e+15,6.57077e+12,-0.0230331,6.6221e+12,0,0,0,6.1937e+13,-0.00192296,21.9523,-1.23585,-0.104592,3.07464,-0.561545,0.0895189,11.5091,3.17992e-05,0.00603498,0.056491,0.0159019,-0.0159019,-0.325546,-0.0938173,0.0579479,1.15762,0.838612,-0.0619195,49.0819,0,233.979,0,0.00505199,0,0,-45,0,0.123722,0.0784121,0.021635,0.294368,0.251844,1.81797,-2.37476e-05,0.0387043,0.241876,0.41861,0.274293,-0.040855,-0.0468907,0.0205597,0.080983,0.0217434,-0.0923059,0.380508,9.56077,-0.0206471,9.56077,0.0705626,0.173777,0.0477408,0.0881407,0.150344,0.417397,0.113609,0.678086,0.598752,-0.980262
A13,A,5.4776,2.42616e+14,9.10007e+11,0.161787,9.17117e+11,0,10.1562,10.1562,8.77758e+12,0.270897,32.3476,30.0728,0.276634,11.7933,3.0336,0.502438,14.7666,-1.72709e-05,0.0619304,0.374077,0.95359,0.0464096,3.3166,4.08495,0.337864,1.05426,0.659273,0.167678,60.2348,0,282.827,0,0.017122,0,0,152,0,1.06019,1.6057,0.106676,2.27091,6.31411,3.34423,1.94467e-05,3.77862,1.18074,2.99236,2.72484,0.208568,0.209428,0.0765886,7.64252,0.131995,0.514601,1.671,18.9438,0.0761974,18.9438,0.353404,1.91507,2.35602,2.18167,2.41094,2.33505,3.71876,1.36466,11.8182,3.98316,5.43121,4.76832e+13,2.03451e+11,0.771765,2.0504e+11,0,10.1562,10.1562,1.93802e+12,0.316988,14.3193,11.878,0.12644,8.04722,2.81794,0.286329,11.0661,4.19675e-06,0.0225782,0.407386,0.992147,0.00785338,3.11127,1.3992,0.203884,0.57353,0.38527,0.0672918,44.3334,0,219.593,0,0.0130715,0,0,61,0,0.865257,1.45416,0.0805772,1.99132,2.19804,1.49873,-0.000103785,1.08667,0.895752,2.70669,0.863554,0.241434,0.247198,0.0331331,7.34744,0.177643,0.50467,0.992618,10.5479,0.0736705,10.5479,0.317688,1.34396,1.9044,1.99827,2.4394,1.88184,3.76267,0.903007,5.9836,2.30429,0.0463948,1.94933e+14,7.06557e+11,-0.609978,7.12077e+11,0,0,0,6.83956e+12,-0.046091,18.0283,18.1947,0.150194,3.74612,0.21566,0.216108,3.70049,-2.14676e-05,0.0393521,-0.0333094,-0.0385563,0.0385563,0.205325,2.68575,0.133981,0.480731,0.274002,0.100386,15.9014,0,63.2338,0,0.00405052,0,0,91,0,0.194928,0.15154,0.026099,0.279594,4.11606,1.8455,0.000123232,2.69195,0.284984,0.285668,1.86128,-0.0328662,-0.0377697,0.0434555,0.295081,-0.045648,0.00993121,0.678386,8.39583,0.00252691,8.39583,0.0357168,0.571117,0.451623,0.183399,-0.0284546,0.453204,-0.0439099,0.461649,5.83463,1.67888
A14,A,5.9251,1.03288e+13,5.33118e+10,0.411679,5.37283e+10,0,10.3125,10.3125,4.57301e+11,0.302265,14.7231,12.8119,0.457238,121.883,39.8562,1.51365,2.05671,0.422772,0.520211,0.0820615,0.710831,0.289169,3.30187,0.940404,2.4485,0.779194,0.542617,0.0634483,10.2035,0,32.4721,0,0.0874331,0,0,46,0,2.71,2.40651,0.358198,4.22979,1.68725,1.21293,-0.000832099,0.609201,3.38131,4.7367,0.322993,0.727476,0.321428,0.025708,8.86047,0.0519732,0.587863,1.5106,8.69866,0.0779706,8.69866,0.360164,1.79339,2.3755,2.24855,2.52614,2.08506,3.56191,1.06961,6.88151,2.10162,5.47967,2.23744e+14,1.15442e+12,0.141688,1.16344e+12,0,10.1562,10.1562,1.07099e+13,0.264527,26.8774,30.145,0.207522,8.73364,2.40877,0.33142,18.1527,-1.36058e-05,0.0151173,0.336118,0.978834,0.0211657,3.3275,3.76709,0.229226,1.02655,0.712644,0.0910345,73.5089,0,355.432,0,0.0146977,0,0,66,0,0.902241,1.48507,0.0847847,2.07386,5.64435,1.88236,-5.63966e-05,2.51226,0.953269,2.80816,1.87733,0.223058,0.233696,0.0732954,7.19845,0.153688,0.515451,1.51172,19.8899,0.0733603,19.8899,0.330861,1.72886,2.26016,2.06275,2.45948,2.07524,3.72839,1.16566,12.3643,5.78785,0.445427,-2.13415e+14,-1.10111e+12,0.269991,-1.10971e+12,0,0.15625,0.15625,-1.02526e+13,0.0377381,-12.1542,-17.3331,0.249715,113.149,37.4474,1.18223,-16.096,0.422786,0.505093,-0.254056,-0.268003,0.268003,-0.0256263,-2.82668,2.21928,-0.247354,-0.170027,-0.0275862,-63.3054,0,-322.96,0,0.0727353,0,0,-20,0,1.80776,0.921437,0.273413,2.15593,-3.9571,-0.66943,-0.000775702,-1.90306,2.42804,1.92854,-1.55434,0.504418,0.0877322,-0.0475873,1.66202,-0.101715,0.0724122,-0.00112286,-11.1912,0.00461033,-11.1912,0.0293025,0.0645306,0.115338,0.185797,0.066658,0.00981654,-0.166478,-0.0960561,-5.4828,-3.68623
A15,A,5.53732,1.01655e+15,4.73719e+12,0.0335302,4.7742e+12,0,10.1562,10.1562,4.35375e+13,0.251007,40.3923,42.9297,0.184683,8.62491,2.41776,0.298513,29.6409,-0.000107325,0.00826184,0.467415,0.982605,0.0173945,3.14301,5.47416,0.213348,1.68504,1.16857,0.024565,118.699,0,582.563,0,0.0148086,0,0,18,0,0.891358,1.46908,0.0854303,2.08038,8.15116,3.51937,8.44127e-05,2.14081,0.927831,2.7418,2.33085,0.271845,0.257335,0.0913512,7.3517,0.14173,0.583413,0.676695,36.3255,0.0891474,36.3255,0.274857,1.3607,2.18034,1.93664,2.68242,1.70621,3.66077,0.275976,28.0807,8.14353,5.40044,2.04732e+13,8.58539e+10,3.73703,8.65246e+10,0,10.1562,10.1562,8.22775e+11,0.392344,6.70278,7.86674,0.0748176,5.64992,1.3147,0.141836,9.88754,2.45957e-06,0.00341759,0.32346,0.997298,0.00270207,3.07276,0.739762,0.107607,0.392119,0.274447,0.0177414,38.3575,0,197.21,0,0.0106208,0,0,13,0,0.723592,1.32284,0.0594686,1.76193,1.20806,0.61457,0.000201601,0.676286,0.677103,2.46264,0.841703,0.314192,0.297542,0.0225168,6.87095,0.223081,0.482204,0.739377,7.47521,0.0631026,7.47521,0.294715,1.14547,1.71006,1.59617,2.26322,1.49935,3.81035,0.348933,3.41086,2.0857,0.136872,9.96081e+14,4.65133e+12,-3.7035,4.68767e+12,0,0,0,4.27147e+13,-0.141338,33.6895,35.063,0.109865,2.97499,1.10307,0.156677,19.7533,-0.000109784,0.00484426,0.143955,-0.0146925,0.0146925,0.070251,4.7344,0.105741,1.29292,0.894123,0.00682361,80.3413,0,385.353,0,0.00418778,0,0,5,0,0.167767,0.146246,0.0259617,0.318455,6.94309,2.9048,-0.000117189,1.46452,0.250729,0.279161,1.48915,-0.0423465,-0.0402078,0.0688344,0.480748,-0.0813509,0.101208,-0.0626823,28.8503,0.0260449,28.8503,-0.0198576,0.215233,0.470276,0.34047,0.4192,0.20686,-0.149582,-0.0729566,24.6698,6.05783
A16,A,5.60957,2.58526e+14,1.32273e+12,0.136959,1.33306e+12,0,10.1562,10.1562,1.20226e+13,0.270837,25.3023,85.1453,0.558874,8.34415,1.87484,0.280132,15.973,-3.33477e-05,0.00509792,0.188458,0.903315,0.0966849,3.61097,8.92687,0.213023,0.894856,0.603604,0.0958084,59.0748,0,284.614,0,0.0155045,0,0,88,0,0.910503,1.49025,0.0880591,2.11468,11.7602,1.40501,2.32774e-05,1.78986,0.958627,2.75912,1.4845,0.222641,0.234415,0.136987,7.55964,0.118803,0.607476,0.659375,21.5052,0.100735,21.5052,0.273721,1.41908,2.01337,1.53207,1.76761,1.86255,3.60712,0.379987,18.1779,10.6093,5.7075,1.15779e+13,5.76838e+10,1.99371,5.81345e+10,0,10.1562,10.1562,5.27176e+11,0.354426,8.32999,20.0835,0.180997,7.50529,3.17188,0.228247,6.79079,-2.5864e-06,0.00704609,0.326344,0.985682,0.0143181,2.88367,1.22911,0.179967,0.364979,0.233768,0.0664126,27.0104,0,133.804,0,0.0130541,0,0,61,0,0.830543,1.42451,0.0759276,1.958,1.92718,0.545951,-2.36373e-05,0.795818,0.849087,2.65563,0.640933,0.272245,0.272167,0.0275438,7.3541,0.160378,0.524721,1.20809,7.13587,0.071437,7.13587,0.3149,1.23023,1.69854,1.40665,1.75447,1.39717,3.73835,0.981451,4.30331,4.01044,-0.0979269,2.46948e+14,1.26505e+12,-1.85675,1.27493e+12,0,0,0,1.14954e+13,-0.0835887,16.9723,65.0617,0.377877,0.838864,-1.29704,0.051885,9.18219,-3.07613e-05,-0.00194818,-0.137886,-0.0823669,0.0823669,0.7273,7.69776,0.0330562,0.529877,0.369836,0.0293958,32.0644,0,150.81,0,0.00245037,0,0,27,0,0.0799599,0.0657391,0.0121315,0.15668,9.83301,0.859064,4.69147e-05,0.994045,0.10954,0.103494,0.843564,-0.0496043,-0.0377517,0.109443,0.205543,-0.0415755,0.0827547,-0.548714,14.3693,0.029298,14.3693,-0.0411792,0.188848,0.31483,0.12542,0.0131356,0.465388,-0.131224,-0.601463,13.8746,6.5989
A17,A,5.46412,5.97931e+15,1.83377e+13,0.0063758,1.84809e+13,0,10.1562,10.1562,1.79421e+14,0.250105,126.49,58.0795,0.184718,13.6397,4.69643,0.748909,44.0662,2.00507e-05,0.120896,0.659994,0.98211,0.0178902,3.33461,8.13983,0.46732,2.72448,1.80336,0.0550396,194.155,0,865.951,0,0.0145861,0,0,40,0,1.10821,1.66346,0.100617,2.18488,10.7718,12.5044,-8.98622e-05,4.72829,1.17515,2.87801,4.0765,0.263589,0.267828,0.162224,7.37764,0.147377,0.419144,3.19518,51.9628,0.102078,51.9628,0.433479,1.58023,2.23435,1.71981,2.64224,2.16923,3.68009,0.793366,40.7305,10.2136,5.54418,1.6623e+13,7.05693e+10,3.61698,7.11206e+10,0,10.1562,10.1562,6.45621e+11,0.368968,7.20968,13.7988,0.210442,6.96775,1.55139,0.176157,7.51604,-2.2188e-05,-0.00264608,0.286742,0.983432,0.0165684,3.25358,1.58169,0.139693,0.369504,0.257075,0.185759,29.0373,0,147.614,0,0.0131924,0,0,135,0,0.794046,1.37625,0.072295,1.94444,2.28486,0.599918,0.000102505,1.28107,0.813032,2.66647,1.11422,0.29374,0.298161,0.0277259,7.10133,0.166202,0.553922,0.72503,7.6417,0.0752109,7.6417,0.279876,1.50482,2.11256,2.04063,2.10689,1.79037,3.7441,0.357227,4.57793,2.30009,-0.0800566,5.96269e+15,1.82671e+13,-3.61061,1.84098e+13,0,0,0,1.78775e+14,-0.118863,119.28,44.2807,-0.0257233,6.672,3.14504,0.572752,36.5501,4.22387e-05,0.123542,0.373251,-0.00132178,0.00132178,0.0810317,6.55814,0.327627,2.35498,1.54629,-0.130719,165.117,0,718.337,0,0.00139376,0,0,-95,0,0.31416,0.287212,0.0283223,0.240434,8.48696,11.9045,-0.000192367,3.44722,0.362114,0.211537,2.96228,-0.0301508,-0.0303325,0.134498,0.276306,-0.0188249,-0.134778,2.47015,44.3211,0.0268667,44.3211,0.153603,0.0754103,0.121789,-0.320826,0.535348,0.37886,-0.0640045,0.43614,36.1525,7.91346
A18,A,5.49356,2.32006e+14,1.01746e+12,0.130195,1.02541e+12,0,10.1562,10.1562,9.5729e+12,0.271378,21.8499,16.8636,0.219154,17.862,5.98167,0.431577,10.6002,2.01325e-06,0.0137694,0.28209,0.977183,0.0228167,3.19037,2.32308,0.334364,1.2352,0.894923,0.0375162,42.94,0,207.118,0,0.0308904,0,0,29,0,1.20486,1.62778,0.143032,2.81735,3.73225,1.67287,-1.00441e-05,1.31105,1.56255,3.71228,0.927609,0.243334,0.266454,0.0508712,7.69125,0.121803,0.566112,0.959179,14.9026,0.0704843,14.9026,0.312085,1.90527,1.70641,2.12306,2.30793,2.30014,3.70317,0.603236,9.41022,3.66348,5.47752,6.71892e+13,3.36045e+11,0.446949,3.3867e+11,0,10.1562,10.1562,3.10255e+12,0.313082,11.5686,9.16789,0.0849494,8.5988,1.98263,0.200252,11.3854,-5.47564e-07,-0.00222107,0.358816,0.99657,0.00342971,3.12198,0.967185,0.158718,0.66157,0.479245,0.0672704,44.6103,0,226.911,0,0.015828,0,0,52,0,0.840734,1.39753,0.0814464,2.09701,1.67364,0.955506,0.000102246,0.634059,0.91102,2.88326,0.73885,0.274546,0.332473,0.028615,7.15126,0.181331,0.536057,0.764912,10.6302,0.0726243,10.6302,0.282612,1.26326,1.87409,1.83574,1.95862,1.6053,3.76046,0.33836,6.03249,2.76165,0.0160441,1.64817e+14,6.81415e+11,-0.316754,6.86738e+11,0,0,0,6.47035e+12,-0.0417042,10.2813,7.69572,0.134205,9.2632,3.99904,0.231325,-0.785208,2.56082e-06,0.0159905,-0.0767258,-0.019387,0.019387,0.0683899,1.3559,0.175646,0.573626,0.415678,-0.0297542,-1.67029,0,-19.7929,0,0.0150624,0,0,-23,0,0.36413,0.230245,0.0615857,0.720345,2.05861,0.717368,-0.00011229,0.676995,0.651533,0.829026,0.188759,-0.0312121,-0.0660194,0.0222562,0.539983,-0.0595271,0.0300544,0.194267,4.27239,-0.00213998,4.27239,0.0294728,0.642006,-0.167679,0.287322,0.349313,0.694847,-0.0572896,0.264876,3.37773,0.901834
A19,A,5.48082,1.28089e+14,5.68878e+11,0.308827,5.73322e+11,0,10.1562,10.1562,5.30709e+12,0.298299,19.9601,13.4992,0.14809,11.1612,3.00874,0.363889,12.11,2.22099e-05,0.0153347,0.507264,0.989188,0.0108118,3.31202,1.79338,0.265408,0.908867,0.633604,0.0164496,50.1629,0,239.611,0,0.0192045,0,0,12,0,0.993136,1.54316,0.10424,2.31137,2.76495,1.46339,0.000174041,1.02723,1.16862,3.09424,0.85685,0.282951,0.2471,0.0428894,7.44187,0.137104,0.488697,1.79738,15.1171,0.0737171,15.1171,0.3742,1.54305,2.11736,2.1509,2.29555,2.07517,3.72425,0.887253,9.18123,2.3465,5.85978,1.10179e+14,4.80866e+11,0.268598,4.84623e+11,0,10.1562,10.1562,4.28777e+12,0.271498,15.3169,27.3527,0.160478,8.31894,3.58733,0.22757,12.3652,-1.65975e-05,0.00431258,0.403359,0.988379,0.011621,3.07514,1.98433,0.18156,0.71723,0.486054,0.0712817,49.0184,0,244.395,0,0.0150088,0,0,52,0,0.851612,1.42789,0.0818375,2.05824,3.23712,1.08299,1.68087e-06,1.29037,0.926847,2.78564,1.11419,0.360728,0.323442,0.0477351,7.24785,0.152453,0.531289,1.01603,13.8336,0.0688008,13.8336,0.316258,1.24061,2.19428,1.51976,1.33925,1.42125,3.74492,0.717695,7.9139,6.13923,-0.378959,1.79098e+13,8.80119e+10,0.0402287,8.86995e+10,0,0,0,1.01932e+12,0.0268013,4.64328,-13.8535,-0.0123874,2.84222,-0.578598,0.136319,-0.255112,3.88074e-05,0.0110221,0.103905,0.000809135,-0.000809135,0.236881,-0.190952,0.0838479,0.191637,0.14755,-0.0548321,1.14453,0,-4.78398,0,0.00419568,0,0,-40,0,0.141523,0.115275,0.0224026,0.253124,-0.472167,0.380396,0.00017236,-0.263137,0.241776,0.308598,-0.257341,-0.0777766,-0.0763423,-0.00484572,0.194017,-0.0153488,-0.0425924,0.78135,1.28353,0.00491638,1.28353,0.0579411,0.302439,-0.0769212,0.631135,0.956303,0.653919,-0.0206765,0.169558,1.26733,-3.79274
A20,A,5.60493,4.21849e+14,1.86499e+12,0.0599146,1.87956e+12,0,10.1562,10.1562,1.70839e+13,0.258338,28.9073,50.4325,0.361621,13.1801,3.93393,0.376596,15.3491,-3.05851e-05,0.0199297,0.337413,0.928788,0.071212,3.43739,5.55055,0.292932,1.35126,0.926655,0.230345,59.6201,0,286.265,0,0.0236492,0,0,167,0,1.09574,1.59175,0.123621,2.52815,8.27289,2.55854,0.000115458,4.3028,1.27985,3.24597,2.67295,0.221271,0.221614,0.09583,7.63534,0.0848159,0.693974,0.65003,31.0287,0.120076,31.0287,0.22121,1.57778,2.38037,2.3277,2.31701,1.98479,3.48041,0.143773,32.6646,6.1034,5.86283,6.82547e+13,3.347e+11,0.339255,3.37315e+11,0,10.1562,10.1562,2.89935e+12,0.296076,13.5404,34.6223,0.216799,6.87755,3.0514,0.216881,12.6642,3.56625e-06,0.00886965,0.414012,0.977397,0.0226034,3.24234,2.74558,0.165275,0.597231,0.40896,0.10069,49.4236,0,247.591,0,0.0125247,0,0,73,0,0.797577,1.39534,0.072031,1.90796,4.03672,1.08906,9.46062e-05,1.96019,0.801707,2.52827,1.44081,0.239379,0.263819,0.0535633,7.25077,0.0799035,0.773715,0.661201,26.8788,0.163659,26.8788,0.146381,1.13395,2.46909,1.63819,1.93895,1.66491,3.26106,0.0965973,38.0579,6.47471,-0.257893,3.53594e+14,1.53029e+12,-0.27934,1.54225e+12,0,0,0,1.41846e+13,-0.0377381,15.367,15.8102,0.144822,6.30257,0.882527,0.159715,2.68489,-3.41513e-05,0.01106,-0.0765992,-0.0486086,0.0486086,0.195046,2.80497,0.127657,0.754029,0.517694,0.129655,10.1964,0,38.6737,0,0.0111245,0,0,94,0,0.298161,0.196414,0.0515898,0.62019,4.23617,1.46949,2.08521e-05,2.34261,0.478142,0.717694,1.23214,-0.0181079,-0.0422051,0.0422666,0.38457,0.00491238,-0.0797413,-0.0111713,4.1499,-0.0435828,4.1499,0.0748289,0.443836,-0.088722,0.689509,0.378061,0.319875,0.219351,0.0471754,-5.39336,-0.371316
A21,A,5.63533,1.64621e+15,8.60247e+12,0.00672832,8.66968e+12,0,10.1562,10.1562,7.72899e+13,0.249985,71.4206,53.5717,0.151685,9.36806,3.14975,0.483777,35.8847,-6.06751e-06,0.04291,0.642933,0.988945,0.0110551,3.01774,5.44317,0.318356,1.9736,1.2436,0.0392024,155.434,0,709.724,0,0.0123632,0,0,29,0,0.937307,1.55184,0.0817239,1.9858,7.45128,3.88315,0.000316693,2.20284,0.964497,2.65517,2.51448,0.329307,0.374084,0.134619,7.22136,0.158745,0.391441,2.69677,38.6415,0.110986,38.6415,0.449814,1.23575,1.81418,1.78906,2.43529,1.73504,3.6975,0.549854,29.2594,13.6867,5.44202,1.02295e+14,5.82735e+11,0.455335,5.87287e+11,0,10.4688,10.4688,5.43664e+12,0.314885,15.8365,11.7266,0.0832764,7.18805,1.49513,0.215446,16.1037,-1.09492e-05,0.00293681,0.495247,0.996544,0.00345624,3.26184,1.34106,0.155916,0.787226,0.561628,0.0392024,63.8402,0,320.953,0,0.0130742,0,0,29,0,0.803214,1.392,0.0726357,1.94339,2.18573,1.20488,1.46758e-05,1.06176,0.827395,2.67471,1.18843,0.27522,0.272175,0.0382136,7.09952,0.176088,0.525672,0.880649,15.4985,0.0744906,15.4985,0.29824,1.2281,2.05098,1.71772,2.18124,1.66417,3.75043,0.502475,9.0813,3.39759,0.193309,1.54392e+15,8.01973e+12,-0.448607,8.08239e+12,0,-0.3125,-0.3125,7.18532e+13,-0.0648999,55.5841,41.8451,0.0684086,2.18,1.65462,0.268331,19.781,4.88172e-06,0.0399732,0.147686,-0.00759886,0.00759886,-0.2441,4.10211,0.16244,1.18638,0.681974,0,91.5935,0,388.771,0,-0.000710952,0,0,0,0,0.134092,0.159833,0.00908822,0.0424134,5.26555,2.67827,0.000302018,1.14108,0.137102,-0.0195368,1.32605,0.0540878,0.101909,0.0964054,0.12184,-0.0173428,-0.134231,1.81612,23.143,0.0364956,23.143,0.151574,0.0076554,-0.236801,0.0713379,0.254053,0.0708633,-0.0529359,0.0473791,20.1781,10.2891
A22,A,5.49975,1.7441e+16,7.93355e+13,0.00519287,7.99553e+13,0,10.1562,10.1562,7.37186e+14,0.250105,130.089,289.289,0.271809,5.79416,2.52491,0.292077,104.349,-3.62941e-05,0.0169969,0.333884,0.966252,0.0337485,3.21386,28.3631,0.198077,3.74714,2.46148,0.0252328,416.978,0,2014.82,0,0.00899891,0,0,21,0,0.776702,1.41888,0.0601148,1.70407,39.3021,7.08914,0.000177365,6.60799,0.7151,2.25785,7.62617,0.273602,0.287422,0.495097,7.28756,0.145409,0.53933,0.944733,121.049,0.139414,121.049,0.315261,1.27131,2.73822,1.23532,1.96686,1.83248,3.60848,0.889162,116.568,28.1299,5.4829,8.24285e+13,4.13408e+11,0.612985,4.16638e+11,0,10.1562,10.1562,3.83997e+12,0.311159,15.5673,16.0363,0.131429,6.93427,1.48159,0.224023,14.7911,-4.01963e-06,0.00643817,0.438718,0.991749,0.00825097,3.18712,1.94399,0.165721,0.710456,0.483505,0.0408531,58.8916,0,293.393,0,0.0123742,0,0,34,0,0.803212,1.40339,0.0716491,1.90561,2.98492,1.12974,6.78166e-05,1.28424,0.812133,2.60235,1.10995,0.273973,0.266755,0.0425745,7.24302,0.180458,0.478372,1.3705,13.9392,0.0699523,13.9392,0.34117,1.45838,2.2885,1.78918,2.14991,1.88162,3.77633,0.98931,7.33396,3.1816,0.0168458,1.73586e+16,7.89221e+13,-0.607792,7.95387e+13,0,0,0,7.33346e+14,-0.061054,114.522,273.252,0.140379,-1.14011,1.04332,0.068054,89.5582,-3.22745e-05,0.0105587,-0.104834,-0.0254975,0.0254975,0.0267333,26.4191,0.0323555,3.03669,1.97798,-0.0156203,358.086,0,1721.43,0,-0.00337529,0,0,-13,0,-0.0265096,0.0154908,-0.0115343,-0.20154,36.3172,5.9594,0.000109549,5.32376,-0.0970332,-0.344503,6.51622,-0.000370764,0.0206678,0.452522,0.0445429,-0.0350489,0.0609586,-0.425771,107.11,0.0694619,107.11,-0.0259097,-0.187069,0.449717,-0.553858,-0.183045,-0.0491397,-0.167851,-0.100148,109.234,24.9483
A23,A,5.55576,2.56213e+13,1.31411e+11,1.65059,1.32438e+11,0,10.1562,10.1562,1.21267e+12,0.329307,11.0837,10.7582,0.12682,11.1524,4.12604,0.309453,7.15617,-8.92755e-06,0.00203109,0.507489,0.992338,0.00766201,2.84563,0.907545,0.239249,0.547741,0.387494,0.0645826,29.0307,0,142.016,0,0.0199323,0,0,47,0,0.983444,1.51785,0.104753,2.34152,1.50522,0.923807,-7.7273e-05,0.664053,1.16928,3.11645,0.479961,0.273392,0.263918,0.0232203,7.47444,0.12529,0.567601,0.757953,9.79579,0.0729884,9.79579,0.307108,1.5425,2.33408,2.42374,2.48714,1.79984,3.70354,0.346607,6.27551,1.92566,5.48758,3.45042e+13,1.64519e+11,1.21073,1.65804e+11,0,10.1562,10.1562,1.53865e+12,0.33778,10.0356,14.1978,0.0887646,6.78968,2.11912,0.185285,10.8157,1.36359e-06,0.000264322,0.470779,0.996229,0.00377105,2.82253,0.960055,0.145199,0.500959,0.357306,0.0384748,42.5609,0,215.467,0,0.0123761,0,0,28,0,0.78533,1.37847,0.0701636,1.90112,1.56599,0.897546,-6.90854e-05,0.787311,0.806815,2.60153,0.756753,0.256998,0.2629,0.027434,7.12478,0.153823,0.582088,0.682995,11.9118,0.0793045,11.9118,0.264089,1.17921,2.44174,2.12529,2.11641,1.53832,3.70968,0.266732,7.91882,2.88259,0.0681884,-8.88295e+12,-3.31074e+10,0.439857,-3.33661e+10,0,0,0,-3.25985e+11,-0.00847305,1.04812,-3.43959,0.0380554,4.36275,2.00692,0.124169,-3.65957,-1.02911e-05,0.00176677,0.0367098,-0.00389096,0.00389096,0.0230955,-0.05251,0.0940497,0.0467816,0.0301886,0.0261079,-13.5303,0,-73.4511,0,0.00755627,0,0,19,0,0.198114,0.139384,0.0345893,0.440399,-0.0607605,0.0262612,-8.18754e-06,-0.123258,0.362462,0.514929,-0.276792,0.0163946,0.00101755,-0.00421364,0.34966,-0.0285322,-0.0144871,0.0749572,-2.11597,-0.0063161,-2.11597,0.0430193,0.36329,-0.107666,0.298454,0.370728,0.261519,-0.00614541,0.0798754,-1.64331,-0.956933
A24,A,5.50677,3.64523e+14,1.45382e+12,0.0734166,1.46518e+12,0,10.1562,10.1562,1.36067e+13,0.257196,33.2585,20.1052,0.177932,11.6688,2.59394,0.452637,16.6461,-2.02979e-05,0.0437387,0.561399,0.98405,0.0159496,3.3461,2.96186,0.327355,1.29279,0.849765,0.0277457,71.7591,0,327.696,0,0.018538,0,0,12,0,1.03565,1.60428,0.107059,2.29184,4.21639,2.23166,0.000263616,1.32251,1.21583,3.08235,1.4123,0.284947,0.275258,0.0674847,6.93161,0.12757,0.436365,2.26971,22.2869,0.107133,22.2869,0.436065,1.7098,2.06847,1.9501,2.47523,2.04892,3.64745,0.453871,18.0606,5.06121,5.45391,1.2929e+14,4.94702e+11,0.341656,4.98567e+11,0,10.1562,10.1562,4.66166e+12,0.299381,19.83,12.3766,0.0967872,7.181,1.85417,0.303029,15.9785,5.12958e-06,0.0103867,0.657994,0.995334,0.00466596,3.17863,1.54652,0.198439,0.813421,0.513589,0.0231214,65.3837,0,318.074,0,0.0121744,0,0,10,0,0.827026,1.44086,0.07344,1.90503,2.2324,1.27657,0.000232884,0.940047,0.869519,2.62887,1.40806,0.32973,0.328756,0.0457049,6.60928,0.167527,0.431214,2.24067,16.1757,0.0894362,16.1757,0.401259,1.25867,1.73548,1.6887,2.16518,1.74364,3.71944,0.493448,10.915,4.33538,0.0528534,2.35232e+14,9.59116e+11,-0.268239,9.66609e+11,0,0,0,8.94506e+12,-0.042185,13.4285,7.7286,0.0811447,4.48779,0.739773,0.149609,0.667514,-2.54275e-05,0.0333521,-0.0965954,-0.0112836,0.0112836,0.167469,1.41535,0.128916,0.479366,0.336175,0.00462428,6.37539,0,9.62133,0,0.00636365,0,0,2,0,0.208623,0.163418,0.0336188,0.386812,1.984,0.955085,3.07319e-05,0.382461,0.346315,0.453476,0.00423667,-0.0447823,-0.0534982,0.0217798,0.322333,-0.0399569,0.00515058,0.0290351,6.11122,0.0176965,6.11122,0.0348063,0.451127,0.332987,0.261404,0.310048,0.305289,-0.0719877,-0.0395768,7.14561,0.725833
A25,A,5.59287,1.4259e+14,5.74354e+11,0.130294,5.78841e+11,0,10.1562,10.1562,5.30622e+12,0.268854,22.989,26.8572,0.293972,14.3269,3.78891,0.49486,10.0599,6.36458e-06,0.0278514,0.352168,0.963667,0.0363327,3.53269,2.95734,0.353843,0.939139,0.64227,0.0860656,42.5643,0,193.68,0,0.0232451,0,0,63,0,1.15274,1.66733,0.129279,2.53333,4.43324,1.80225,0.000231044,1.59858,1.41897,3.34807,1.05944,0.315936,0.236296,0.0596299,7.61515,0.111948,0.501095,2.03739,15.2143,0.0855622,15.2143,0.386957,1.72116,2.28681,1.91801,2.07578,1.94605,3.66377,0.845009,10.9463,5.23431,5.57837,4.08797e+14,1.72088e+12,0.0546813,1.73432e+12,0,10.1562,10.1562,1.59556e+13,0.255033,25.7481,48.617,0.168072,9.70405,2.94918,0.264758,18.5165,-4.28504e-05,0.00553976,0.380378,0.98928,0.0107201,2.82169,3.11209,0.20558,1.27046,0.850937,0.0765027,73.8327,0,366.066,0,0.0174122,0,0,56,0,0.914368,1.46885,0.0937541,2.20353,5.01134,2.02582,8.00313e-05,2.42798,1.05586,2.98676,2.18224,0.368189,0.279814,0.0815241,7.31918,0.119514,0.621292,0.793401,26.3275,0.0814147,26.3275,0.259194,1.30037,2.19306,1.8078,1.77899,1.50286,3.63802,0.493256,20.194,15.7095,0.014505,-2.66207e+14,-1.14652e+12,0.0756126,-1.15548e+12,0,0,0,-1.06494e+13,0.0138213,-2.7591,-21.7598,0.1259,4.62286,0.839726,0.230102,-8.45651,4.9215e-05,0.0223117,-0.0282107,-0.0256126,0.0256126,0.711001,-0.154751,0.148263,-0.331325,-0.208667,0.00956284,-31.2684,0,-172.386,0,0.00583297,0,0,7,0,0.23837,0.198484,0.0355244,0.329804,-0.578096,-0.223572,0.000151013,-0.829398,0.363115,0.361305,-1.12281,-0.0522526,-0.0435177,-0.0218942,0.295977,-0.00756608,-0.120197,1.24399,-11.1132,0.00414746,-11.1132,0.127763,0.420796,0.0937525,0.110203,0.296782,0.443194,0.0257524,0.351752,-9.24771,-10.4752
A26,A,5.51734,9.72956e+14,4.52594e+12,0.0231781,4.5613e+12,0,10.1562,10.1562,4.19849e+13,0.250826,42.6029,36.3454,0.17544,11.4655,2.91501,0.401443,23.5425,-7.7184e-06,0.018607,0.52921,0.985029,0.0149707,3.25131,4.13029,0.286762,1.81107,1.26171,0.0606673,98.8376,0,463.659,0,0.0195862,0,0,45,0,1.01604,1.57104,0.106693,2.32924,6.25769,3.03094,0.000143819,3.11143,1.19814,3.10107,2.26473,0.325714,0.259497,0.0976169,7.51605,0.111913,0.533838,1.74455,36.0275,0.0847829,36.0275,0.354249,1.34822,2.30971,2.30516,2.33616,1.89107,3.64692,0.792034,26.6528,8.53587,5.50533,1.06968e+14,4.73489e+11,0.652393,4.77188e+11,0,10.1562,10.1562,4.41952e+12,0.294273,17.1909,18.4571,0.133937,8.56375,3.21969,0.266519,13.3694,-2.06315e-06,0.0091583,0.512938,0.99129,0.00871003,2.89361,1.79065,0.202055,0.777745,0.542538,0.0781935,53.955,0,265.058,0,0.015144,0,0,58,0,0.873064,1.45605,0.0844756,2.07817,2.81303,1.30123,6.33222e-05,1.48328,0.968105,2.80204,1.13744,0.343811,0.297525,0.0443111,7.32808,0.122778,0.585103,1.03492,18.5462,0.0792193,18.5462,0.292118,1.39248,2.65582,2.46815,2.07997,1.87278,3.65997,0.689301,13.309,4.64284,0.0120149,8.65988e+14,4.05245e+12,-0.629215,4.08411e+12,0,0,0,3.75654e+13,-0.0434469,25.412,17.8883,0.0415025,2.90177,-0.304684,0.134924,10.1731,-5.65525e-06,0.00944872,0.0162714,-0.00626066,0.00626066,0.3577,2.33964,0.0847066,1.03332,0.719174,-0.0175261,44.8826,0,198.6,0,0.00444221,0,0,-13,0,0.142978,0.114991,0.0222173,0.251071,3.44465,1.72971,8.04969e-05,1.62815,0.230034,0.299036,1.12729,-0.0180963,-0.0380282,0.0533058,0.187972,-0.0108648,-0.0512653,0.709631,17.4814,0.00556355,17.4814,0.0621301,-0.0442668,-0.346111,-0.162985,0.256189,0.0182849,-0.0130488,0.102732,13.3438,3.89302
A27,A,5.54923,4.1924e+14,2.01662e+12,0.111469,2.03238e+12,0,10.1562,10.1562,1.84941e+13,0.270296,30.7083,28.4761,0.195988,9.85557,2.56828,0.335803,19.9348,-1.17299e-05,0.0137692,0.446207,0.98153,0.0184703,3.34905,3.90698,0.244049,1.31437,0.911162,0.0393354,81.2437,0,391.352,0,0.0169867,0,0,29,0,0.941887,1.50735,0.0937971,2.195,5.8336,2.12403,7.42303e-05,1.96895,1.03291,2.88464,1.42814,0.236803,0.236358,0.0774177,7.45948,0.100979,0.669894,0.694934,33.9537,0.133605,33.9537,0.229127,1.61881,2.13353,2.17981,2.5767,2.21467,3.48706,0.0726726,36.7688,5.32176,5.42816,2.12676e+13,1.06472e+11,2.53989,1.07304e+11,0,10.1562,10.1562,1.00974e+12,0.353284,10.9494,7.87391,0.102048,6.93622,1.80495,0.232247,9.99506,-4.77921e-05,0.0156554,0.501252,0.994692,0.00530771,3.1409,1.01998,0.178676,0.474175,0.3071,0.0257714,40.1374,0,198.837,0,0.0115135,0,0,19,0,0.803075,1.41058,0.0695705,1.86646,1.56644,0.787616,7.19793e-05,0.788751,0.794466,2.54062,0.82951,0.227478,0.248358,0.0257227,7.10177,0.159418,0.552143,0.785439,10.6248,0.097899,10.6248,0.288439,1.16523,1.75812,1.67316,2.41993,1.64277,3.68316,0.438065,7.97705,2.18781,0.121075,3.97973e+14,1.91015e+12,-2.42842,1.92507e+12,0,0,0,1.74843e+13,-0.0829878,19.7589,20.6022,0.0939396,2.91935,0.763332,0.103555,9.93974,3.60622e-05,-0.00188623,-0.0550454,-0.0131626,0.0131626,0.208157,2.887,0.0653728,0.840195,0.604062,0.0135639,41.1063,0,192.515,0,0.00547323,0,0,10,0,0.138812,0.0967738,0.0242266,0.328548,4.26716,1.33641,2.25103e-06,1.1802,0.238445,0.344018,0.598627,0.00932429,-0.0119992,0.0516951,0.357707,-0.0584389,0.117751,-0.090505,23.3288,0.0357059,23.3288,-0.0593121,0.453581,0.375415,0.50665,0.156769,0.571907,-0.196108,-0.365392,28.7918,3.13395
A28,A,5.40176,4.77492e+16,1.86487e+14,0.00155677,1.87944e+14,0,10.1562,10.1562,1.81008e+15,0.249985,155.411,98.8785,0.0886261,5.44019,1.37711,0.246845,152.89,8.67144e-06,0.00911976,0.518404,0.996039,0.0039614,3.28008,13.5501,0.16224,5.0868,3.18273,0.00904685,607.945,0,3045.88,0,0.00797081,0,0,7,0,0.753166,1.38603,0.0574573,1.64861,20.0187,18.6042,0.000150852,8.00164,0.66834,2.23458,9.22575,0.371325,0.327858,0.386703,7.00239,0.21859,0.455881,0.909261,118.523,0.0819371,118.523,0.325529,1.02339,1.88538,1.36481,2.38854,1.74613,3.773,0.996809,68.8716,32.2672,5.45895,1.78415e+14,9.24989e+11,0.296393,9.32216e+11,0,10.3125,10.3125,8.67226e+12,0.280151,21.7093,37.5693,0.125201,6.61933,2.34026,0.231315,20.8551,-2.35551e-05,0.0060381,0.40934,0.992777,0.00722335,2.74916,2.61108,0.164001,0.90296,0.611513,0.0400646,82.3385,0,413.928,0,0.0110928,0,0,31,0,0.797823,1.40242,0.0696408,1.84897,3.88433,2.42483,0.000126579,1.70708,0.785326,2.51858,1.50404,0.362055,0.307625,0.0659724,7.14488,0.174072,0.553409,0.660658,20.358,0.0826318,20.358,0.272519,0.790706,1.58817,1.43686,1.98037,1.46717,3.71333,0.41161,13.9287,6.83175,-0.0571926,4.75708e+16,1.85562e+14,-0.294836,1.87012e+14,0,-0.15625,-0.15625,1.8014e+15,-0.0301665,133.702,61.3092,-0.0365753,-1.17913,-0.963152,0.0155303,132.035,3.22266e-05,0.00308165,0.109064,0.00326195,-0.00326195,0.530914,10.939,-0.00176067,4.18384,2.57122,-0.0310178,525.607,0,2631.95,0,-0.00312204,0,0,-24,0,-0.0446571,-0.0163885,-0.0121835,-0.200363,16.1344,16.1794,2.42734e-05,6.29456,-0.116986,-0.284004,7.72172,0.00926938,0.0202324,0.320731,-0.142489,0.0445188,-0.0975285,0.248603,98.1655,-0.000694735,98.1655,0.0530097,0.232682,0.297209,-0.0720533,0.408167,0.278969,0.0596674,0.585199,54.9429,25.4354
A29,A,6.06988,2.28053e+14,6.58253e+11,0.0522747,6.63395e+11,0,10.1562,10.1562,6.01343e+12,0.255393,21.777,56.3974,0.213327,10.9066,4.38359,0.363402,10.3134,-5.03686e-06,0.0221553,0.497017,0.986263,0.0137366,2.73404,2.20012,0.294312,0.778645,0.483213,0.0537931,43.562,0,203.035,0,0.0174523,0,0,39,0,1.01253,1.58783,0.105046,2.24129,3.50018,1.71278,7.38138e-05,1.19659,1.14165,2.94649,1.69477,0.273137,0.261352,0.0581075,7.46792,0.109279,0.529191,1.93414,16.2328,0.0947968,16.2328,0.36153,0.726579,1.68576,1.45477,1.24421,1.03936,3.64511,0.746054,12.1321,12.1466,6.14119,8.17626e+14,2.40539e+12,0.0101963,2.42418e+12,0,10.4688,10.4688,2.17791e+13,0.249985,33.4513,72.0906,0.237656,10.433,4.91047,0.335703,15.6937,3.67011e-06,0.00276365,0.468546,0.98499,0.01501,2.76091,3.7297,0.265342,1.18028,0.742213,0.125517,65.2904,0,308.278,0,0.017893,0,0,91,0,0.986866,1.55684,0.102249,2.24283,6.16659,2.14789,0.000186666,2.06205,1.1151,2.93272,2.59598,0.321617,0.30312,0.10061,7.49658,0.0942015,0.602721,1.40612,28.6665,0.0820143,28.6665,0.303077,0.85602,1.59649,1.59871,1.38251,0.948861,3.6105,0.834088,22.1891,24.1366,-0.0713048,-5.89572e+14,-1.74714e+12,0.0420783,-1.76079e+12,0,-0.3125,-0.3125,-1.57657e+13,0.00540833,-11.6743,-15.6932,-0.0243295,0.473583,-0.526886,0.0276989,-5.3803,-8.70697e-06,0.0193916,0.0284702,0.00127341,-0.00127341,-0.0268683,-1.52958,0.0289708,-0.401637,-0.258999,-0.0717241,-21.7285,0,-105.243,0,-0.000440625,0,0,-52,0,0.0256603,0.0309925,0.00279735,-0.00154884,-2.66641,-0.43511,-0.000112853,-0.865461,0.026545,0.0137715,-0.901214,-0.0484801,-0.0417686,-0.0425025,-0.0286602,0.0150774,-0.0735302,0.528019,-12.4337,0.0127825,-12.4337,0.0584527,-0.129442,0.089269,-0.143941,-0.138308,0.0904978,0.0346023,-0.0880333,-10.0571,-11.99
A30,A,5.68251,2.23995e+13,1.1386e+11,0.371693,1.1475e+11,0,10.1562,10.1562,1.03373e+12,0.290187,14.1582,8.21206,0.334309,60.4379,34.2054,1.23038,2.5348,0.00956982,0.128252,0.404469,0.930149,0.0698506,2.52154,0.847406,1.08902,0.890611,0.623842,0.0317132,11.5825,0,47.4125,0,0.0818795,0,0,23,0,2.31311,2.17749,0.31639,4.16819,1.48582,1.19936,-0.000703362,0.54466,2.9868,4.79601,0.24342,0.265541,0.201915,0.0231421,8.66883,0.0536988,0.672405,0.79156,9.87699,0.0870087,9.87699,0.273896,1.86238,2.70726,2.1736,2.32264,2.03985,3.52533,0.28845,8.47954,2.24374,5.43981,2.61944e+13,1.20941e+11,4.58489,1.21886e+11,0,10.1562,10.1562,1.13638e+12,0.386996,7.64552,8.06546,0.0970511,6.66701,1.05166,0.161656,9.7986,-3.4766e-06,0.00312444,0.315552,0.995453,0.00454651,3.24796,0.950965,0.123521,0.461012,0.323752,0.0303344,38.0064,0,195.056,0,0.0126254,0,0,22,0,0.763666,1.34547,0.0672921,1.89429,1.5168,0.659098,-2.35648e-05,0.815228,0.749589,2.61866,0.652238,0.219886,0.242158,0.023056,6.98188,0.194112,0.533171,0.703461,8.53287,0.0727962,8.53287,0.272717,1.21699,1.78476,1.8113,2.03268,1.55529,3.76588,0.230144,4.78578,2.13084,0.242698,-3.79496e+12,-7.08083e+09,-4.2132,-7.13615e+09,0,0,0,-1.02649e+11,-0.0968091,6.51266,0.146602,0.237258,53.7709,33.1538,1.06872,-7.2638,0.0095733,0.125128,0.0889173,-0.0653041,0.0653041,-0.726426,-0.10356,0.965496,0.429599,0.30009,0.00137883,-26.4238,0,-147.644,0,0.0692542,0,0,1,0,1.54945,0.832019,0.249097,2.2739,-0.0309793,0.540262,-0.000679797,-0.270567,2.23721,2.17735,-0.408818,0.0456558,-0.0402421,8.60388e-05,1.68695,-0.140413,0.139234,0.0880986,1.34412,0.0142124,1.34412,0.0011792,0.645392,0.922503,0.362302,0.289956,0.484558,-0.240548,0.0583064,3.69376,0.112896
A31,A,5.46311,2.9904e+13,1.2398e+11,1.2546,1.24949e+11,0,10.1562,10.1562,1.17536e+12,0.335797,11.74,9.6555,0.143438,8.88278,2.13207,0.300435,8.49801,-5.58533e-05,0.0141696,0.495821,0.989259,0.0107412,3.3795,1.21894,0.219879,0.506678,0.349474,0.0950413,34.597,0,168.187,0,0.0152608,0,0,69,0,0.895913,1.48211,0.0875447,2.09584,1.90373,0.946053,0.000192634,0.907847,0.999474,2.8279,0.734375,0.328036,0.286241,0.0288368,7.31225,0.132138,0.529497,1.18139,10.9362,0.0858769,10.9362,0.338365,1.47534,2.13471,2.08575,2.11858,2.00506,3.66889,0.785745,7.98381,1.84626,5.48433,1.66247e+13,7.92194e+10,2.12417,7.98383e+10,0,10.1562,10.1562,7.41996e+11,0.328346,10.6825,13.2116,0.151689,7.52223,2.5336,0.286815,8.374,1.26893e-05,-0.000453025,0.432054,0.989599,0.0104008,3.36977,1.27025,0.202023,0.429201,0.277344,0.0674931,33.8828,0,165.687,0,0.0124281,0,0,49,0,0.851224,1.46133,0.0787805,1.94479,1.91858,1.0324,0.000154979,0.860895,0.909974,2.64795,0.762777,0.32325,0.2892,0.0301611,7.20184,0.156189,0.46657,1.80628,9.06808,0.0826133,9.06808,0.377241,1.35444,1.86111,1.87976,2.04166,1.83775,3.72977,0.74728,5.64101,2.51611,-0.0212267,1.32793e+13,4.4761e+10,-0.869566,4.51107e+10,0,0,0,4.33363e+11,0.00745148,1.05742,-3.55615,-0.00825146,1.36055,-0.401531,0.0136201,0.124012,-6.85426e-05,0.0146226,0.0637669,-0.000340433,0.000340433,0.009729,-0.0513099,0.0178561,0.0774767,0.0721298,0.0275482,0.714178,0,2.49984,0,0.00283266,0,0,20,0,0.0446883,0.020779,0.00876423,0.151042,-0.014844,-0.0863435,3.76554e-05,0.0469518,0.0894995,0.179946,-0.0284016,0.00478611,-0.00295806,-0.00132433,0.11041,-0.0240516,0.0629268,-0.624893,1.86812,0.00326368,1.86812,-0.0388753,0.120901,0.273606,0.205988,0.0769229,0.167308,-0.0608854,0.0384647,2.3428,-0.669858
A32,A,5.50178,5.39635e+13,2.10915e+11,0.466471,2.12563e+11,0,10.1562,10.1562,2.00565e+12,0.302626,17.0857,24.3682,0.250383,10.3871,2.62862,0.419923,9.35829,-3.92712e-05,0.0179317,0.346963,0.972353,0.027647,3.22121,2.34316,0.28683,0.647841,0.409432,0.0873147,38.6697,0,181.757,0,0.0166726,0,0,53,0,0.984421,1.55662,0.0980535,2.19702,3.44161,1.21122,0.000745944,1.08262,1.16197,2.94751,0.840728,0.612841,0.324334,0.0495391,7.25981,0.128176,0.525656,1.33851,12.3534,0.0775273,12.3534,0.346168,1.25647,1.87421,1.63672,2.48397,1.95765,3.69635,1.06425,8.22157,3.27083,5.47416,5.57214e+14,2.46047e+12,0.0500675,2.47969e+12,0,10.1562,10.1562,2.3526e+13,0.255814,27.4615,37.4406,0.214953,12.0686,2.43336,0.309529,17.9872,-3.57179e-05,0.00768763,0.260078,0.979634,0.0203658,3.14905,3.86641,0.237339,1.61919,1.01585,0.0691928,71.0693,0,352.066,0,0.0219289,0,0,42,0,1.00613,1.51406,0.110179,2.42459,5.94513,2.20527,0.000534907,2.21592,1.2481,3.25063,1.66392,0.6025,0.282907,0.0849807,7.2646,0.121297,0.62187,0.634121,25.1487,0.08755,25.1487,0.256832,1.31878,2.3173,1.9823,2.15982,1.9789,3.6463,0.180509,19.1771,6.62747,0.0276222,-5.03251e+14,-2.24955e+12,0.416404,-2.26713e+12,0,0,0,-2.15203e+13,0.0468121,-10.3758,-13.0724,0.0354303,-1.68146,0.195267,0.110395,-8.62894,-3.55326e-06,0.010244,0.0868849,-0.00728122,0.00728122,0.0721552,-1.52325,0.0494905,-0.971346,-0.606414,0.0181219,-32.3996,0,-170.309,0,-0.00525628,0,0,11,0,-0.0217121,0.0425593,-0.0121251,-0.227574,-2.50352,-0.994059,0.000211038,-1.1333,-0.0861326,-0.303124,-0.82319,0.0103409,0.041427,-0.0354416,-0.00479127,0.00687867,-0.0962138,0.704393,-12.7953,-0.0100227,-12.7953,0.0893352,-0.0623103,-0.443089,-0.345581,0.324152,-0.0212469,0.0500488,0.883739,-10.9555,-3.35663
A33,A,6.24398,3.73915e+15,2.35727e+13,0.00141504,2.37569e+13,0,10.1562,10.1562,1.74531e+14,0.249985,57.4797,153.184,0.382881,11.3739,4.12216,0.308412,32.1608,7.55106e-06,-0.00185336,0.438023,0.937672,0.0623284,3.59966,12.3137,0.241106,2.61115,1.83909,0.405026,123.475,0,602.502,0,0.0223409,0,0,274,0,1.02766,1.53575,0.11289,2.45388,18.2767,4.32164,-0.000187696,5.83597,1.18262,3.1643,4.2265,0.223688,0.251186,0.204448,7.54594,0.0840325,0.712805,0.556668,68.2634,0.129415,68.2634,0.203162,1.3743,2.11084,1.50602,1.98003,1.71953,3.42503,0.0787365,81.0212,33.8381,5.94045,1.37383e+14,7.39262e+11,0.161678,7.45037e+11,0,10.1562,10.1562,6.2623e+12,0.274623,17.6845,71.2288,0.18026,7.59516,2.17756,0.208588,15.8867,-5.98124e-06,0.00562551,0.295352,0.987327,0.0126733,2.88663,2.86373,0.162783,0.842994,0.563757,0.0532151,62.134,0,313.416,0,0.0136429,0,0,36,0,0.82642,1.40805,0.0777329,1.98766,4.43219,1.61216,-7.55798e-05,1.69372,0.863195,2.70741,1.70423,0.253926,0.257625,0.0707099,7.09413,0.140728,0.618383,0.701037,19.0548,0.0845881,19.0548,0.240889,0.759412,1.43027,0.938601,1.31981,1.1928,3.66873,0.165683,13.938,15.0026,0.303535,3.60177e+15,2.28334e+13,-0.160263,2.30118e+13,0,0,0,1.68269e+14,-0.0246379,39.7952,81.9555,0.202621,3.77875,1.94459,0.0998245,16.274,1.35323e-05,-0.00747887,0.142671,-0.0496551,0.0496551,0.713029,9.45001,0.0783234,1.76816,1.27533,0.351811,61.3405,0,289.087,0,0.00869795,0,0,238,0,0.201244,0.127691,0.035157,0.466225,13.8445,2.70948,-0.000112116,4.14225,0.319427,0.456893,2.52227,-0.0302376,-0.00643873,0.133738,0.451807,-0.0566956,0.0944225,-0.144369,49.2086,0.0448271,49.2086,-0.0377268,0.614891,0.680565,0.567424,0.660224,0.526731,-0.243699,-0.0869468,67.0832,18.8354
AB1,AB,5.78007,1.2209e+13,7.06907e+10,0.452361,7.1243e+10,0,10.4688,10.4688,6.22927e+11,0.309296,10.3143,13.0296,0.330297,23.0317,7.80639,0.559335,3.80232,-7.73511e-05,0.0525285,0.291553,0.946721,0.0532786,3.2285,1.2559,0.477369,0.513101,0.359916,0.058001,15.9363,0,72.0323,0,0.0344589,0,0,28,0,1.35625,1.75321,0.165441,2.96383,1.94486,0.745613,0.00187477,0.494896,1.81129,3.81707,0.338168,0.403054,0.364834,0.0269899,7.49593,0.0871646,0.592113,1.07766,7.49994,0.0748887,7.49994,0.320723,1.67583,2.20566,2.50483,2.15583,2.07366,3.62145,0.733431,5.57608,1.85339,5.5348,2.78893e+14,1.11891e+12,0.0702671,1.12765e+12,0,10.3125,10.3125,1.08921e+13,0.256715,42.7944,26.2169,0.193935,13.0381,3.87673,0.655634,15.6759,-5.85059e-05,0.062839,0.723486,0.98174,0.0182601,3.09965,3.04011,0.4466,1.2614,0.703563,0.0352149,72.2766,0,307.677,0,0.016073,0,0,17,0,1.10801,1.69366,0.107076,2.20472,3.59035,2.62542,0.000312911,1.39508,1.22285,2.91843,1.36765,0.357285,0.336677,0.0741251,7.04056,0.127285,0.378102,2.57276,21.4218,0.135624,21.4218,0.494612,1.14533,1.34595,1.80965,1.94744,2.03629,3.60474,0.418731,20.4492,7.22706,0.245267,-2.66684e+14,-1.04822e+12,0.382093,-1.05641e+12,0,0.15625,0.15625,-1.02692e+13,0.052581,-32.4801,-13.1873,0.136362,9.99359,3.92966,-0.096299,-11.8736,-1.88453e-05,-0.0103105,-0.431933,-0.0350184,0.0350184,0.128853,-1.78422,0.0307685,-0.748297,-0.343647,0.0227861,-56.3403,0,-235.645,0,0.0183859,0,0,11,0,0.248237,0.0595517,0.0583652,0.759112,-1.64549,-1.87981,0.00156186,-0.900181,0.588434,0.898639,-1.02948,0.0457683,0.0281569,-0.0471352,0.45537,-0.0401208,0.21401,-1.4951,-13.9219,-0.0607354,-13.9219,-0.173889,0.530501,0.85971,0.695187,0.208394,0.0373667,0.0167119,0.3147,-14.8731,-5.37368
AB2,AB,5.52493,1.42771e+16,6.03344e+13,0.0016002,6.08057e+13,0,10.1562,10.1562,5.56843e+14,0.249985,109.118,109.894,0.269196,11.0423,3.10761,0.40763,59.1608,-6.04236e-06,0.0205008,0.385195,0.956336,0.0436645,3.42238,15.9258,0.285935,4.35105,2.86193,0.15847,241.16,0,1135.61,0,0.018213,0,0,116,0,1.01156,1.56474,0.103307,2.28336,24.5339,7.57344,0.000175585,13.3913,1.16085,3.03577,9.44984,0.368707,0.255445,0.308682,7.43363,0.129476,0.52009,1.40743,77.7592,0.0784413,77.7592,0.350434,1.68913,2.35396,2.2652,2.67984,2.33777,3.70967,1.11018,49.8303,18.2012,5.45656,6.39139e+13,2.67097e+11,0.568693,2.69184e+11,0,10.3125,10.3125,2.54296e+12,0.311039,16.224,29.0127,0.208235,7.47523,2.26067,0.267097,12.8253,-2.66826e-05,0.0142822,0.316281,0.979387,0.0206127,3.07644,2.67066,0.201595,0.661994,0.402604,0.0806011,51.183,0,251.071,0,0.0121189,0,0,59,0,0.837371,1.44287,0.0752558,1.91669,3.94764,1.21616,8.31674e-05,2.01332,0.878481,2.60407,1.47532,0.417501,0.308355,0.0572408,7.18028,0.139939,0.572765,0.928742,15.4183,0.0835264,15.4183,0.287297,1.06525,2.21737,1.77952,2.3499,1.77466,3.67807,0.80775,11.2384,5.32936,0.068373,1.42131e+16,6.00673e+13,-0.567093,6.05365e+13,0,-0.15625,-0.15625,5.543e+14,-0.061054,92.8936,80.881,0.0609612,3.56705,0.84694,0.140533,46.3355,2.06403e-05,0.00621865,0.0689138,-0.0230518,0.0230518,0.345939,13.2552,0.0843405,3.68906,2.45932,0.0778689,189.977,0,884.544,0,0.00609406,0,0,57,0,0.174184,0.121867,0.0280511,0.366676,20.5862,6.35728,9.24173e-05,11.378,0.282369,0.431701,7.97452,-0.0487944,-0.0529096,0.251441,0.253353,-0.0104622,-0.052675,0.47869,62.3408,-0.0050851,62.3408,0.0631372,0.623878,0.136582,0.485676,0.329931,0.563103,0.0315991,0.30243,38.5918,12.8719
AB3,AB,5.45001,3.89739e+15,1.80844e+13,0.00941868,1.82257e+13,0,10.3125,10.3125,1.70773e+14,0.249985,72.8688,91.5723,0.222821,7.38933,1.76703,0.320418,52.67,-2.94524e-05,0.0191003,0.325146,0.977629,0.0223711,3.15747,11.736,0.218399,2.47318,1.69135,0.0219028,214.354,0,1029.1,0,0.0119947,0,0,16,0,0.845535,1.46236,0.073909,1.91005,16.8677,4.32653,0.000188559,3.74345,0.8682,2.58807,3.62757,0.238126,0.254149,0.224613,7.19407,0.162433,0.44648,2.17176,54.3157,0.0802145,54.3157,0.391087,1.45668,1.53923,1.55299,2.29064,1.94875,3.74074,0.881023,32.9744,15.5021,5.49559,3.99852e+14,2.27958e+12,0.0821632,2.29738e+12,0,10.1562,10.1562,2.10519e+13,0.257497,30.6666,46.9389,0.222594,7.92277,1.80103,0.280868,23.7772,-3.10155e-05,0.0129899,0.320438,0.977625,0.0223745,3.15077,5.29266,0.201771,1.26652,0.873354,0.0273785,95.1465,0,464.534,0,0.0138697,0,0,20,0,0.859004,1.45301,0.0800294,2.01009,7.72766,2.02827,8.76557e-05,1.97482,0.906266,2.70803,1.61591,0.253389,0.253177,0.0999319,7.25372,0.154149,0.503381,1.34146,26.0368,0.0732927,26.0368,0.34247,1.35764,1.79476,1.52389,2.2325,1.85018,3.73493,0.94086,15.6635,7.22887,-0.0455851,3.49754e+15,1.58048e+13,-0.0727445,1.59283e+13,0,0.15625,0.15625,1.49721e+14,-0.00751157,42.2022,44.6335,0.00022657,-0.533438,-0.0339991,0.0395499,28.8928,1.56305e-06,0.00611043,0.00470765,3.47474e-06,-3.47474e-06,0.00669762,6.44332,0.0166283,1.20666,0.818001,-0.0054757,119.208,0,564.57,0,-0.00187498,0,0,-4,0,-0.0134696,0.00935046,-0.00612041,-0.100039,9.14004,2.29826,0.000100903,1.76863,-0.0380657,-0.119958,2.01165,-0.0152631,0.00097186,0.124681,-0.0596539,0.00828457,-0.0569008,0.830296,28.2789,0.00692182,28.2789,0.0486162,0.0990341,-0.25553,0.0290969,0.0581359,0.0985683,0.00581046,-0.0598366,17.3109,8.27325
AB4,AB,5.72576,1.00452e+14,4.47835e+11,0.128556,4.51333e+11,0,10.1562,10.1562,3.95132e+12,0.27282,19.9434,54.5974,0.427694,11.8071,4.03373,0.351061,10.2524,-0.000122482,0.00543517,0.319915,0.933081,0.0669189,3.49322,4.38489,0.282243,0.792838,0.515753,0.282579,40.6605,0,190.5,0,0.0197307,0,0,206,0,1.02958,1.58162,0.10978,2.33922,6.24884,1.38133,0.000312734,3.31341,1.20649,3.03151,2.62369,0.389041,0.387936,0.075023,7.60834,0.0844087,0.627923,0.815416,20.5406,0.0915625,20.5406,0.287668,1.67609,2.51505,1.93617,1.84317,1.70047,3.55891,0.57714,17.8991,7.52211,5.5354,2.42482e+14,9.06653e+11,0.147655,9.13737e+11,0,10.1562,10.1562,8.55666e+12,0.268554,25.5025,39.9653,0.337153,8.42614,2.40553,0.285927,16.4017,-0.000108458,0.00186542,0.315992,0.956764,0.0432357,3.45399,5.52988,0.218539,0.982427,0.604139,0.1893,64.931,0,312.704,0,0.0145848,0,0,138,0,0.901326,1.49718,0.0876407,2.06015,7.96552,1.88166,-4.4933e-05,4.89506,1.00127,2.76716,3.77033,0.359674,0.31041,0.0968134,7.35221,0.116424,0.546614,1.29702,23.4957,0.0810195,23.4957,0.336961,1.29447,2.00311,1.9734,1.978,2.01184,3.66822,0.825464,16.4581,7.72025,0.190367,-1.4203e+14,-4.58819e+11,-0.0190988,-4.62403e+11,0,0,0,-4.60535e+12,0.00426657,-5.55908,14.6321,0.0905414,3.38099,1.6282,0.0651338,-6.1493,-1.40242e-05,0.00356974,0.00392305,-0.0236832,0.0236832,0.0392249,-1.14499,0.0637046,-0.189589,-0.0883859,0.0932785,-24.2705,0,-122.204,0,0.00514585,0,0,68,0,0.128257,0.0844338,0.0221398,0.279071,-1.71668,-0.500335,0.000357667,-1.58166,0.205218,0.264346,-1.14664,0.0293672,0.0775258,-0.0217904,0.256129,-0.0320157,0.0813084,-0.481601,-2.95508,0.010543,-2.95508,-0.0492927,0.381621,0.511937,-0.0372391,-0.134825,-0.311369,-0.109315,-0.248324,1.44101,-0.198135
AB5,AB,5.46733,3.80492e+15,1.89577e+13,0.0104745,1.91058e+13,0,10.1562,10.1562,1.77541e+14,0.251427,85.2023,59.1066,0.187514,9.11126,1.85482,0.418419,49.151,-1.52724e-05,0.0228697,0.485016,0.981674,0.0183259,3.31644,9.2165,0.27358,3.07882,1.80773,0.0547775,205.189,0,965.566,0,0.0137265,0,0,44,0,0.930237,1.52464,0.0852712,2.04861,13.6309,5.33633,7.58681e-05,8.50639,0.978643,2.74392,4.90392,0.264835,0.25222,0.168296,7.37008,0.155027,0.455292,2.29061,54.2326,0.0824217,54.2326,0.389681,1.54491,2.20514,1.96088,2.74893,2.16959,3.72726,1.07842,34.9804,9.34411,5.46838,1.19997e+14,5.13654e+11,0.199652,5.17667e+11,0,10.1562,10.1562,4.82439e+12,0.274923,24.1959,24.5945,0.238499,8.58475,1.8945,0.373325,14.923,-1.84326e-05,0.0147489,0.350427,0.972536,0.0274635,3.24417,3.55911,0.245673,0.992436,0.509755,0.169312,60.8158,0,290.259,0,0.0133232,0,0,136,0,0.910487,1.50535,0.0839111,2.02178,5.28886,1.55611,0.000139608,3.33352,0.959902,2.72628,2.02981,0.275909,0.259554,0.0642424,7.30756,0.156748,0.464066,2.19292,16.038,0.0758339,16.038,0.379186,1.47878,1.69084,1.77147,2.61542,2.15795,3.74492,1.07701,9.55866,4.0051,-0.00105057,3.68493e+15,1.8444e+13,-0.189178,1.85881e+13,0,0,0,1.72716e+14,-0.0234962,61.0064,34.5121,-0.0509846,0.526505,-0.0396802,0.045094,34.228,3.16016e-06,0.00812082,0.134589,0.0091376,-0.0091376,0.07227,5.65739,0.0279066,2.08639,1.29798,-0.114535,144.373,0,675.307,0,0.000403309,0,0,-92,0,0.0197497,0.0192892,0.00136011,0.0268262,8.34204,3.78022,-6.37402e-05,5.17288,0.0187411,0.0176417,2.87411,-0.0110736,-0.00733427,0.104053,0.0625178,-0.00172099,-0.0087741,0.0976936,38.1946,0.00658773,38.1946,0.0104951,0.0661271,0.514295,0.189416,0.13351,0.0116395,-0.0176548,0.00141403,25.4217,5.33901
AB6,AB,5.48544,1.13632e+15,3.39182e+12,0.0149623,3.41832e+12,0,10.1562,10.1562,3.4035e+13,0.250646,48.4667,60.5153,0.409318,12.2286,3.36809,0.51771,21.311,-4.50721e-05,0.0296736,0.264339,0.91911,0.0808897,3.58395,8.72298,0.349348,1.99619,0.943832,0.122085,86.6534,0,392.709,0,0.0177638,0,0,89,0,1.10031,1.6525,0.114993,2.31879,12.803,3.60125,9.2477e-05,4.56404,1.29701,3.07319,3.11021,0.334533,0.26525,0.152718,7.47884,0.124105,0.478196,2.14239,28.1545,0.0852211,28.1545,0.397699,2.33182,2.49786,2.25277,2.32693,2.12451,3.68504,1.02758,19.6925,10.0729,5.5099,1.74907e+14,8.44661e+11,0.0775817,8.5126e+11,0,10.4688,10.4688,7.88636e+12,0.257256,19.8987,39.47,0.551224,19.2934,26.159,0.356208,11.475,0.00402051,0.0197801,0.0867879,0.86062,0.13938,2.99579,6.3253,0.385877,1.02875,0.696342,0.127572,41.1896,0,198.949,0,0.0254851,0,0,93,0,1.11083,1.58905,0.127555,2.60369,8.75625,1.517,8.01095e-05,2.95602,1.51449,3.56124,2.53242,0.487717,0.426798,0.0968675,7.44532,0.10561,0.610798,0.765547,16.5786,0.084359,16.5786,0.283592,2.255,2.35001,2.34469,2.13091,2.0743,3.63966,0.493527,12.4226,6.96302,-0.0244543,9.61409e+14,2.54716e+12,-0.0626194,2.56706e+12,0,-0.3125,-0.3125,2.61487e+13,-0.00661018,28.5681,21.0453,-0.141906,-7.06481,-22.7909,0.161503,9.83602,-0.00406558,0.00989354,0.177551,0.0584898,-0.0584898,0.588157,2.39769,-0.0365295,0.967443,0.24749,-0.00548697,45.4638,0,193.76,0,-0.00772128,0,0,-4,0,-0.0105175,0.0634493,-0.0125615,-0.284898,4.04672,2.08425,1.23676e-05,1.60802,-0.217483,-0.48805,0.577794,-0.153183,-0.161548,0.0558505,0.0335235,0.0184947,-0.132602,1.37684,11.5759,0.000862107,11.5759,0.114107,0.0768186,0.147855,-0.0919227,0.196016,0.0502135,0.0453728,0.534053,7.26984,3.10989
AB7,AB,5.51042,2.26408e+13,1.0317e+11,1.31447,1.03976e+11,0,10.1562,10.1562,9.6718e+11,0.338742,11.3391,13.2004,0.144597,8.7929,2.73337,0.30999,7.93962,-4.57641e-07,0.00805784,0.530475,0.989927,0.0100735,3.21681,1.14805,0.222238,0.476638,0.325588,0.088033,32.4738,0,157.206,0,0.0152169,0,0,64,0,0.898037,1.48415,0.0874411,2.09249,1.7813,0.810522,7.44776e-05,0.811561,0.987255,2.79742,0.665076,0.241176,0.257149,0.0259591,7.36221,0.117113,0.58658,0.817163,11.5773,0.0919557,11.5773,0.296307,1.72537,2.52678,2.16782,2.32378,1.93651,3.62332,0.441078,9.26715,2.40852,6.31506,2.11579e+14,8.45897e+11,0.0941284,8.52506e+11,0,15.3125,15.3125,6.56551e+12,0.261102,19.8652,60.3498,0.220829,7.55444,2.97418,0.317295,13.0074,-3.51026e-05,0.0268968,0.390903,0.984523,0.0154767,2.79015,2.8724,0.226784,0.635578,0.424477,0.0536451,53.3826,0,255.684,0,0.0122648,0,0,39,0,0.860495,1.47931,0.0778541,1.93096,4.17614,1.37302,-2.6248e-05,1.61992,0.894631,2.56684,2.24296,0.278317,0.300286,0.0651398,7.29442,0.115216,0.584471,0.825586,19.1262,0.098477,19.1262,0.300313,0.92667,1.69768,0.877069,1.29311,1.05733,3.60628,0.463599,16.0053,9.58412,-0.804643,-1.88938e+14,-7.42728e+11,1.22034,-7.4853e+11,0,-5.15625,-5.15625,-5.59833e+12,0.0776396,-8.52607,-47.1494,-0.0762316,1.23846,-0.240818,-0.00730535,-5.06773,3.4645e-05,-0.0188389,0.139573,0.00540318,-0.00540318,0.426657,-1.72435,-0.00454531,-0.15894,-0.0988893,0.0343879,-20.9088,0,-98.4776,0,0.00295205,0,0,25,0,0.0375424,0.00484763,0.00958698,0.161534,-2.39485,-0.562503,0.000100726,-0.808357,0.0926245,0.230581,-1.57788,-0.0371409,-0.0431361,-0.0391807,0.0677971,0.00189702,0.00210856,-0.00842304,-7.54887,-0.00652129,-7.54887,-0.00400558,0.798705,0.8291,1.29075,1.03067,0.879176,0.017037,-0.0225215,-6.73815,-7.17559
AB8,AB,5.53618,6.02409e+12,3.18821e+10,5.26456,3.21311e+10,0,10.1562,10.1562,2.90114e+11,0.390842,7.10687,6.7613,0.114962,6.66818,1.83564,0.236841,6.45608,-6.04891e-06,0.0100705,0.487771,0.993981,0.00601859,3.25027,0.742206,0.171873,0.284078,0.197134,0.0641926,25.8707,0,128.329,0,0.011423,0,0,48,0,0.797944,1.40645,0.0687181,1.85712,1.1465,0.523309,0.000234373,0.547337,0.82857,2.54162,0.545724,0.575359,0.326254,0.0185079,7.15165,0.175301,0.498231,0.920024,6.26388,0.0747932,6.26388,0.326468,1.39584,2.19183,1.63523,2.47202,1.67377,3.7503,0.848688,3.74782,1.63632,5.58927,7.99931e+12,3.84056e+10,1.95126,3.87056e+10,0,10.1562,10.1562,3.50869e+11,0.344811,9.28413,6.26493,0.270973,39.7214,33.8867,0.764884,2.57476,0.00129758,0.0932261,0.390548,0.952684,0.0473158,2.51773,0.697691,0.750256,0.512653,0.363715,0.0280843,11.279,0,49.3224,0,0.0491855,0,0,21,0,1.6735,1.90417,0.216326,3.43364,1.16399,0.726099,-0.000285661,0.439656,2.19776,4.18445,0.253477,0.515476,0.254899,0.0169421,8.25703,0.0732564,0.623549,0.724433,6.50881,0.0817078,6.50881,0.303194,2.21207,2.71239,2.5234,2.59488,2.39808,3.59268,0.320098,5.09502,1.16959,-0.0530897,-1.97522e+12,-6.52352e+09,3.3133,-6.57449e+09,0,0,0,-6.07555e+10,0.0460309,-2.17726,0.496369,-0.156011,-33.0533,-32.0511,-0.528044,3.88133,-0.00130363,-0.0831556,0.097223,0.0412972,-0.0412972,0.732539,0.0445146,-0.578383,-0.228575,-0.166581,0.0361083,14.5916,0,79.0068,0,-0.0377625,0,0,27,0,-0.87556,-0.497726,-0.147608,-1.57652,-0.0174892,-0.202791,0.000520034,0.107681,-1.36919,-1.64283,0.292247,0.0598834,0.0713548,0.00156577,-1.10538,0.102045,-0.125319,0.195591,-0.244934,-0.00691468,-0.244934,0.0232737,-0.816231,-0.520563,-0.888168,-0.122863,-0.724306,0.157621,0.52859,-1.3472,0.466726
AB9,AB,5.58471,1.32149e+16,5.04291e+13,0.00219317,5.08231e+13,0,10.1562,10.1562,4.75411e+14,0.249985,116.106,157.484,0.265984,7.92325,2.47739,0.38982,67.8212,-1.27112e-05,0.0283506,0.450511,0.961696,0.0383041,3.4429,18.0393,0.265898,3.3331,2.23382,0.0673308,281.982,0,1307.29,0,0.0123754,0,0,49,0,0.89166,1.51987,0.0790238,1.94325,26.5058,6.92572,-6.32734e-05,6.4499,0.9021,2.53115,4.9636,0.275323,0.303567,0.346932,7.36913,0.122709,0.490229,1.99034,94.3772,0.0979309,94.3772,0.387063,2.08733,2.32491,1.80848,1.95933,1.93747,3.65753,0.726149,70.1992,34.6258,5.45847,2.93146e+14,1.15638e+12,0.216782,1.16541e+12,0,10.1562,10.1562,1.08923e+13,0.278108,23.7287,20.6648,0.134753,6.88064,1.51936,0.255846,20.9654,-6.2508e-06,0.0107386,0.462403,0.991134,0.00886603,3.17722,2.82514,0.179615,0.968052,0.677121,0.0288561,84.4199,0,415.626,0,0.012124,0,0,21,0,0.808952,1.41969,0.0714986,1.89125,4.26696,1.67291,-1.54672e-07,1.76102,0.816774,2.57874,1.56544,0.250252,0.253945,0.0621625,7.12654,0.175874,0.437467,2.1082,20.192,0.0801429,20.192,0.386659,1.34034,1.80185,1.60146,1.98279,1.75278,3.75689,0.664113,11.6592,4.54277,0.126237,1.29217e+16,4.92727e+13,-0.214588,4.96577e+13,0,0,0,4.64518e+14,-0.0281233,92.3777,136.819,0.131231,1.04262,0.958034,0.133974,46.8559,-6.4604e-06,0.017612,-0.0118921,-0.0294381,0.0294381,0.265682,15.2142,0.0862835,2.36505,1.5567,0.0384748,197.562,0,891.668,0,0.000251408,0,0,28,0,0.0827073,0.100178,0.00752519,0.051999,22.2389,5.25281,-6.31187e-05,4.68887,0.0853265,-0.0475984,3.39816,0.0250715,0.0496218,0.284769,0.242594,-0.0531654,0.0527618,-0.117863,74.1852,0.017788,74.1852,0.000403641,0.74699,0.523062,0.207017,-0.0234532,0.184691,-0.0993556,0.0620356,58.54,30.083
AB10,AB,5.97911,3.45581e+14,1.40768e+12,0.0151241,1.41868e+12,0,10.1562,10.1562,1.23072e+13,0.251067,28.9204,32.9842,0.199729,20.1274,5.78462,0.562957,10.0138,2.47208e-05,0.00294524,0.576879,0.982829,0.0171714,3.08205,2.00005,0.443679,1.33113,0.781863,0.0946626,43.8418,0,196.754,0,0.0281624,0,0,47,0,1.29455,1.75609,0.154286,2.74868,3.28371,2.72007,0.00226634,1.21291,1.61512,3.46141,0.960609,0.531109,0.586866,0.0589835,7.43372,0.0918261,0.528931,1.77265,19.4008,0.0973763,19.4008,0.379243,1.37271,2.17579,2.3764,2.22853,1.50491,3.6163,0.692139,15.1404,9.98765,5.43427,4.20453e+13,1.61575e+11,1.64275,1.62837e+11,0,10.1562,10.1562,1.5624e+12,0.336398,8.74755,12.41,0.0969133,6.03342,1.45918,0.14599,11.3189,-6.63514e-06,-0.000405414,0.294297,0.995651,0.004349,2.85081,1.09696,0.117994,0.491776,0.333333,0.060423,43.949,0,225.364,0,0.0113495,0,0,30,0,0.741915,1.33717,0.0630604,1.81057,1.78144,0.767738,-0.000352,0.571717,0.727832,2.51372,0.959707,0.3599,0.370083,0.0326337,6.55991,0.197531,0.511567,0.825027,9.65581,0.065354,9.65581,0.290902,1.13545,2.0212,1.9028,1.65314,1.5483,3.7841,0.426202,4.88004,3.92015,0.544839,3.03536e+14,1.24611e+12,-1.62763,1.25584e+12,0,0,0,1.07448e+13,-0.0853314,20.1729,20.5742,0.102815,14.094,4.32544,0.416966,-1.30509,3.13559e-05,0.00335065,0.282582,-0.0128224,0.0128224,0.231244,0.903097,0.325685,0.839358,0.44853,0.0342397,-0.107235,0,-28.6101,0,0.0168129,0,0,17,0,0.552633,0.418914,0.091226,0.93811,1.50227,1.95233,0.00261834,0.641195,0.887286,0.94769,0.000902149,0.171209,0.216783,0.0263498,0.873809,-0.105705,0.0173634,0.947621,9.74503,0.0320223,9.74503,0.0883418,0.237259,0.154589,0.473605,0.575384,-0.0433972,-0.167797,0.265938,10.2603,6.0675
AB11,AB,5.58005,1.93515e+14,9.67321e+11,0.167669,9.74878e+11,0,10.1562,10.1562,8.69856e+12,0.273661,36.5148,28.9106,0.216914,8.19749,2.73538,0.462556,19.3558,7.88763e-06,0.0199,0.556596,0.977098,0.022902,3.41128,4.19856,0.294154,0.934741,0.634278,0.0262069,83.1075,0,378.189,0,0.0120338,0,0,19,0,0.911769,1.54359,0.0792763,1.93561,5.90441,2.01391,0.000161613,1.28714,0.91985,2.5465,1.31229,0.210903,0.262297,0.0735911,7.36541,0.139551,0.416385,2.37067,23.9076,0.107286,23.9076,0.444064,1.53308,2.02666,1.78523,2.20244,1.96095,3.65341,0.540715,19.651,5.96452,5.56529,9.1739e+14,4.54111e+12,0.0323749,4.57659e+12,0,10.1562,10.1562,4.14055e+13,0.252208,56.968,75.9181,0.155076,9.72005,3.9025,0.491632,28.5957,-5.38199e-06,0.0228862,0.709851,0.98851,0.01149,2.9476,4.4345,0.317825,1.63358,1.16233,0.0234483,124.823,0,565.235,0,0.014391,0,0,17,0,0.96934,1.57806,0.0906292,2.08455,5.77386,3.51844,2.06151e-05,2.36827,1.03356,2.78621,1.90475,0.208509,0.24052,0.0956716,7.35506,0.133532,0.430886,2.38939,36.7384,0.110134,36.7384,0.435582,1.22432,2.07033,1.81458,1.94749,1.66778,3.64555,0.517111,30.5151,11.9355,0.0147556,-7.23874e+14,-3.57379e+12,0.135294,-3.60171e+12,0,0,0,-3.27069e+13,0.021453,-20.4532,-47.0076,0.0618387,-1.52255,-1.16713,-0.0290762,-9.2399,1.32696e-05,-0.00298619,-0.153255,-0.011412,0.011412,0.463684,-0.235942,-0.0236708,-0.698836,-0.528049,0.00275862,-41.715,0,-187.046,0,-0.00235716,0,0,2,0,-0.0575709,-0.0344666,-0.011353,-0.148935,0.130545,-1.50453,0.000140998,-1.08113,-0.113711,-0.239712,-0.59246,0.00239361,0.0217777,-0.0220805,0.0103572,0.0060191,-0.0145005,-0.0187193,-12.8308,-0.00284774,-12.8308,0.00848144,0.308754,-0.0436702,-0.0293518,0.254954,0.293172,0.00786076,0.0236038,-10.8641,-5.97098
B1,B,5.53061,9.21441e+14,4.58303e+12,0.0432356,4.61884e+12,0,10.1562,10.1562,4.22054e+13,0.255153,48.9817,43.6804,0.181548,10.6991,2.7116,0.43939,25.7999,-3.58705e-05,0.0274631,0.576275,0.983827,0.0161732,3.26059,4.68391,0.302819,1.78008,1.2364,0.0234402,110.067,0,507.68,0,0.0172273,0,0,17,0,1.00042,1.57473,0.100012,2.22967,6.74564,3.01015,3.42287e-05,2.5884,1.10307,2.94669,1.81216,0.221527,0.230209,0.0844678,7.45082,0.130611,0.482166,2.22765,34.2052,0.0876395,34.2052,0.387223,1.57591,2.27871,1.96586,2.3875,2.09926,3.66359,0.80475,26.0679,6.11662,5.46906,6.83429e+13,2.9846e+11,0.45096,3.00792e+11,0,10.3125,10.3125,2.81839e+12,0.294874,12.2806,16.2066,0.105681,8.47153,2.90212,0.213858,11.2891,-4.53046e-07,0.000166545,0.393957,0.994835,0.00516497,3.0482,1.19304,0.168305,0.689381,0.464045,0.0358497,44.4492,0,224.592,0,0.0154906,0,0,26,0,0.853042,1.4153,0.0835937,2.09414,1.9854,1.04953,-0.000165225,0.74919,0.926606,2.85567,0.654913,0.222497,0.244978,0.0309076,7.18095,0.158212,0.568627,0.745162,12.1151,0.0805754,12.1151,0.273161,1.47964,2.08624,2.26684,2.23333,1.88883,3.71744,0.28076,7.8353,3.47252,0.061556,8.53098e+14,4.28457e+12,-0.407724,4.31805e+12,0,-0.15625,-0.15625,3.9387e+13,-0.0397212,36.701,27.4739,0.075867,2.22757,-0.190516,0.225532,14.5108,-3.54174e-05,0.0272966,0.182318,-0.0110082,0.0110082,0.21239,3.49087,0.134515,1.0907,0.772358,-0.0124095,65.6178,0,283.089,0,0.00173663,0,0,-9,0,0.147376,0.159428,0.0164182,0.135528,4.76025,1.96062,0.000199454,1.83921,0.176463,0.0910195,1.15725,-0.000969651,-0.0147689,0.0535602,0.269866,-0.0276011,-0.0864612,1.48248,22.0901,0.00706414,22.0901,0.114062,0.0962649,0.192473,-0.300977,0.154171,0.210436,-0.0538514,0.52399,18.2326,2.6441
B2,B,5.60746,1.73109e+14,7.34125e+11,0.142046,7.3986e+11,0,10.1562,10.1562,6.83917e+12,0.267772,22.4516,27.6528,0.172151,13.5158,4.16529,0.393922,11.2376,-1.96573e-05,0.0130763,0.534701,0.986851,0.013149,3.06303,1.93456,0.307902,1.08304,0.715606,0.0717489,46.9981,0,221.74,0,0.0231509,0,0,52,0,1.09462,1.60641,0.122697,2.51172,3.09497,1.74255,-5.91021e-05,1.26533,1.34573,3.28208,0.901085,0.228855,0.229735,0.0472478,7.65988,0.0929302,0.614311,1.0289,20.8904,0.0903043,20.8904,0.292759,1.69934,2.32161,2.07025,1.88928,1.79495,3.59391,0.485702,17.1331,6.50128,5.46461,6.20068e+13,2.84226e+11,0.867163,2.86446e+11,0,10.3125,10.3125,2.66891e+12,0.319752,12.6217,13.1144,0.107072,8.17899,2.02677,0.229922,11.3109,-1.39831e-05,0.000514307,0.445511,0.994906,0.0050938,3.17748,1.21108,0.174699,0.652163,0.451912,0.0455329,45.0127,0,225.021,0,0.0150726,0,0,33,0,0.845393,1.42039,0.0807914,2.05681,1.94339,0.936536,6.33422e-05,0.91722,0.918278,2.82428,0.960153,0.232951,0.252467,0.0310862,7.16175,0.161992,0.513825,1.20807,11.8322,0.0693548,11.8322,0.324183,1.31796,2.09691,1.90385,2.22775,1.79304,3.74676,0.755506,6.79332,3.332,0.142854,1.11103e+14,4.49899e+11,-0.725117,4.53414e+11,0,-0.15625,-0.15625,4.17026e+12,-0.05198,9.82986,14.5383,0.0650788,5.33685,2.13852,0.164,-0.0733177,-5.67412e-06,0.0125619,0.0891895,-0.00805524,0.00805524,-0.114448,0.723478,0.133203,0.430874,0.263694,0.0262159,1.98548,0,-3.28021,0,0.00807831,0,0,19,0,0.249227,0.186019,0.041906,0.454906,1.15158,0.806016,-0.000122444,0.348107,0.427456,0.4578,-0.0590683,-0.00409615,-0.022732,0.0161616,0.498133,-0.0690619,0.100486,-0.179166,9.05822,0.0209495,9.05822,-0.0314242,0.381379,0.224698,0.166397,-0.338471,0.00191346,-0.152851,-0.269805,10.3398,3.16928
B3,B,5.59261,1.174e+14,4.90036e+11,0.161856,4.93864e+11,0,10.1562,10.1562,4.51238e+12,0.271258,18.0393,25.9762,0.155035,10.7687,3.71533,0.322562,11.2454,-3.97131e-05,0.00750112,0.525667,0.988854,0.0111458,3.13339,1.74343,0.248654,0.841969,0.573987,0.0839353,46.1133,0,222.377,0,0.0189537,0,0,61,0,0.973015,1.52662,0.101993,2.2876,2.76356,1.40107,-8.21896e-05,1.12898,1.13169,3.03962,0.937044,0.264562,0.263611,0.0403321,7.47382,0.119045,0.543996,1.37293,16.2394,0.0794133,16.2394,0.336959,1.56412,2.13015,2.1332,1.83128,1.59357,3.66723,0.750131,11.4391,4.53367,5.41411,6.66095e+13,2.86786e+11,1.09174,2.89027e+11,0,10.1562,10.1562,2.72877e+12,0.330269,13.8588,8.14464,0.0665251,6.42003,1.44462,0.209673,13.9782,-1.44319e-05,0.0122741,0.715118,0.997787,0.00221252,3.2896,0.929903,0.158659,0.599391,0.424371,0.0233918,55.8813,0,278.961,0,0.0113338,0,0,17,0,0.778078,1.39082,0.0672113,1.83403,1.37219,1.13292,7.55211e-05,0.589662,0.77576,2.5352,0.963234,0.277883,0.281889,0.0305468,7.00661,0.196485,0.406643,2.07498,12.0378,0.0847111,12.0378,0.396872,1.2651,1.6341,1.58726,2.12147,1.43456,3.76241,0.456207,7.17704,2.70742,0.178493,5.07904e+13,2.0325e+11,-0.929886,2.04837e+11,0,0,0,1.78361e+12,-0.0590109,4.18058,17.8315,0.0885102,4.34871,2.27071,0.112889,-2.73283,-2.52812e-05,-0.00477296,-0.18945,-0.00893325,0.00893325,-0.15621,0.81353,0.0899948,0.242578,0.149616,0.0605435,-9.76801,0,-56.5838,0,0.00761986,0,0,44,0,0.194937,0.135797,0.0347815,0.453571,1.39138,0.268157,-0.000157711,0.539318,0.355935,0.504417,-0.026191,-0.0133203,-0.0182771,0.00978529,0.467212,-0.0774398,0.137352,-0.702053,4.20151,-0.00529781,4.20151,-0.0599126,0.299015,0.496045,0.545941,-0.290195,0.159013,-0.0951869,0.293924,4.26209,1.82625
B4,B,5.53049,1.22014e+16,5.79125e+13,0.00207872,5.83649e+13,0,10.1562,10.1562,5.36747e+14,0.249985,111.309,106.767,0.258042,9.70497,2.51204,0.407153,62.486,-7.28377e-05,0.0360133,0.405726,0.969106,0.0308938,3.27258,16.124,0.285072,3.84766,2.66518,0.0454389,260.999,0,1210.63,0,0.0157434,0,0,33,0,0.958611,1.55517,0.0937092,2.13954,23.4306,7.53546,0.000167866,9.39388,1.08801,2.82119,7.06221,0.286909,0.27872,0.32532,7.48652,0.111893,0.483679,1.77557,94.4781,0.0810691,94.4781,0.404428,1.65552,2.16824,2.16383,1.84946,2.11367,3.66589,0.801563,65.8763,25.7253,5.49779,1.05406e+14,4.36466e+11,0.286577,4.39876e+11,0,10.1562,10.1562,4.12555e+12,0.28568,20.2784,25.1164,0.188509,10.0286,2.51306,0.365723,12.151,1.05822e-05,0.0267978,0.511125,0.982225,0.0177748,3.33714,2.29056,0.275166,0.82751,0.538163,0.0275387,50.7344,0,238.766,0,0.0165825,0,0,20,0,0.957265,1.54202,0.0957422,2.17313,3.36704,1.44807,0.000188569,1.67954,1.09402,2.87614,1.20466,0.28325,0.263685,0.0501924,7.48679,0.111701,0.519866,1.27337,18.6637,0.0836551,18.6637,0.368433,1.70084,2.44122,2.24382,1.90321,1.90628,3.65504,0.871992,13.4824,3.49162,0.032703,1.2096e+16,5.7476e+13,-0.284498,5.79251e+13,0,0,0,5.32621e+14,-0.035695,91.031,81.6506,0.0695335,-0.323657,-0.00102262,0.0414294,50.335,-8.34198e-05,0.0092155,-0.105399,-0.013119,0.013119,-0.0645586,13.8335,0.00990672,3.02015,2.12702,0.0179002,210.265,0,971.867,0,-0.000839109,0,0,13,0,0.00134592,0.0131526,-0.002033,-0.0335892,20.0636,6.08739,-2.07028e-05,7.71435,-0.00601556,-0.0549488,5.85755,0.00365844,0.0150345,0.275128,-0.000269383,0.000191862,-0.0361868,0.502199,75.8144,-0.00258602,75.8144,0.0359949,-0.0453182,-0.272985,-0.0799838,-0.0537449,0.207388,0.0108468,-0.0704284,52.3939,22.2337
B5,B,5.50685,4.14295e+14,1.72423e+12,0.0692393,1.7377e+12,0,10.1562,10.1562,1.61119e+13,0.257977,27.4133,49.6249,0.283639,7.51788,1.95604,0.250214,22.1514,-1.30821e-05,0.0131435,0.23362,0.972797,0.0272035,3.35232,6.28301,0.187946,1.18284,0.749944,0.0412229,87.3337,0,429.506,0,0.0131191,0,0,30,0,0.843968,1.44273,0.0786187,1.97074,8.74396,2.03351,7.1232e-05,2.32863,0.889958,2.65948,1.93945,0.235387,0.243762,0.111393,7.22626,0.150792,0.509562,0.996626,24.5059,0.077827,24.5059,0.339646,1.68345,2.33583,2.04868,2.01477,1.90843,3.72128,0.797788,15.5979,8.46381,5.46055,1.6891e+14,8.03518e+11,0.242557,8.09795e+11,0,10.1562,10.1562,7.51667e+12,0.278349,19.6994,22.5817,0.153933,7.92386,1.43584,0.244865,17.108,6.00317e-07,0.0100647,0.386828,0.988362,0.0116377,3.30052,2.63348,0.183004,0.958423,0.633491,0.0329784,68.1537,0,338.179,0,0.0139505,0,0,24,0,0.845455,1.43179,0.0800289,2.01381,4.03448,1.5248,-3.60352e-06,1.93835,0.899746,2.7303,1.28457,0.233403,0.240716,0.0562753,7.21631,0.157749,0.514177,0.887246,18.4189,0.0810712,18.4189,0.328074,1.48873,2.28596,1.91217,2.30829,1.97194,3.72377,0.726151,11.8867,3.91901,0.0462952,2.45384e+14,9.20714e+11,-0.173318,9.27907e+11,0,0,0,8.59526e+12,-0.0203714,7.71388,27.0432,0.129706,-0.405975,0.520198,0.00534878,5.04342,-1.36825e-05,0.0030788,-0.153208,-0.0155658,0.0155658,0.0518017,3.64953,0.00494286,0.224414,0.116453,0.00824459,19.18,0,91.327,0,-0.000831403,0,0,6,0,-0.00148628,0.0109313,-0.00141018,-0.0430687,4.70948,0.508703,7.48356e-05,0.390281,-0.00978877,-0.0708173,0.65488,0.00198425,0.00304557,0.0551182,0.00995033,-0.00695675,-0.00461508,0.10938,6.087,-0.00324419,6.087,0.0115718,0.194723,0.0498688,0.136509,-0.293521,-0.0635119,-0.00249176,0.0716364,3.71118,4.54479
B6,B,5.67332,3.4589e+14,1.67152e+12,0.0460672,1.68458e+12,0,10.1562,10.1562,1.51908e+13,0.255453,28.852,52.7375,0.209792,12.3158,3.00973,0.348103,15.6881,-0.000184379,0.0101115,0.3824,0.982834,0.0171656,2.81946,3.29125,0.268374,1.33728,0.912457,0.120394,63.7369,0,307.416,0,0.0216795,0,0,58,0,1.03574,1.5532,0.112335,2.42852,5.03013,2.00966,-2.77109e-05,2.49233,1.23212,3.22534,1.93503,0.227601,0.217548,0.0841776,7.10932,0.117194,0.583663,0.830552,22.9848,0.0756357,22.9848,0.299143,0.983613,1.61463,1.64245,1.97761,1.0659,3.67459,0.592752,15.9146,12.8414,5.60651,1.83065e+14,8.24534e+11,0.200095,8.30976e+11,0,10.1562,10.1562,7.6476e+12,0.264768,21.6989,43.6777,0.15901,8.70659,3.24454,0.241234,16.1018,-0.000173856,0.0069451,0.395265,0.989728,0.0102717,2.88433,2.56035,0.197434,0.984138,0.635681,0.0768033,64.0352,0,317.956,0,0.0149755,0,0,37,0,0.868638,1.44432,0.0842463,2.07494,3.90915,1.57527,-0.000349963,1.71411,0.945817,2.77305,1.42553,0.287017,0.285713,0.0711901,6.9115,0.115832,0.642861,0.614689,23.6758,0.0943161,23.6758,0.241307,0.79436,2.07678,1.95889,1.74254,0.830582,3.60724,0.14676,19.7484,10.7416,0.066808,1.62824e+14,8.46991e+11,-0.154028,8.53608e+11,0,0,0,7.54315e+12,-0.00931434,7.15303,9.05984,0.0507824,3.60917,-0.234808,0.106869,-0.413697,-1.05236e-05,0.00316644,-0.0128655,-0.00689386,0.00689386,-0.064874,0.730899,0.0709398,0.353138,0.276775,0.0435911,-0.298308,0,-10.5403,0,0.00670405,0,0,21,0,0.167106,0.108878,0.0280887,0.353572,1.12097,0.434384,0.000322253,0.778218,0.286307,0.452289,0.509507,-0.0594163,-0.0681655,0.0129875,0.197816,0.00136184,-0.0591973,0.215863,-0.690977,-0.0186804,-0.690977,0.0578355,0.189253,-0.462149,-0.316445,0.235067,0.235316,0.0673464,0.445991,-3.83385,2.09979
B7,B,5.5133,3.22501e+13,1.63191e+11,0.797913,1.64466e+11,0,10.1562,10.1562,1.51254e+12,0.31813,10.044,24.1739,0.292445,9.4117,2.21093,0.23294,8.00947,-3.58947e-05,0.00170508,0.185141,0.969199,0.0308007,3.19455,2.34233,0.182977,0.518243,0.370211,0.116081,30.8327,0,154.844,0,0.0178068,0,0,85,0,0.898856,1.44335,0.091494,2.21398,3.33061,0.770848,3.73021e-05,1.30271,1.02763,3.01444,1.22667,0.351942,0.297575,0.0424637,7.23819,0.140474,0.586148,0.76456,9.45649,0.0798587,9.45649,0.273379,1.39332,1.94448,2.28167,1.59228,1.7088,3.70074,0.332155,6.27607,3.24238,5.49237,7.8245e+13,4.15161e+11,0.382694,4.18404e+11,0,10.1562,10.1562,3.83084e+12,0.297759,14.0246,31.6401,0.234935,8.80711,2.30161,0.228483,12.2746,-2.46354e-05,0.00622773,0.228103,0.978295,0.0217048,3.0211,2.88375,0.175958,0.743379,0.520034,0.0778423,47.6608,0,239.763,0,0.0162161,0,0,57,0,0.866907,1.42582,0.085732,2.13008,4.15678,1.12909,0.000128675,1.62443,0.96782,2.90043,1.72904,0.34298,0.286693,0.0573669,7.23627,0.130864,0.628765,0.719096,15.7185,0.0938361,15.7185,0.240371,1.25634,2.09615,1.99846,1.89693,1.728,3.64581,0.211584,12.1055,4.62391,0.0209266,-4.59949e+13,-2.5197e+11,0.415218,-2.53938e+11,0,0,0,-2.3183e+12,0.0203714,-3.98062,-7.46623,0.05751,0.604591,-0.0906863,0.00445765,-4.26517,-1.12593e-05,-0.00452264,-0.042962,-0.00909591,0.00909591,0.173452,-0.541415,0.00701916,-0.225136,-0.149823,0.0382383,-16.8281,0,-84.9185,0,0.00159064,0,0,28,0,0.031949,0.017533,0.00576198,0.0839048,-0.826166,-0.358239,-9.13726e-05,-0.321715,0.0598143,0.114008,-0.502369,0.00896129,0.0108823,-0.0149031,0.00191171,0.00960952,-0.042617,0.0454639,-6.26198,-0.0139774,-6.26198,0.0330075,0.136973,-0.151664,0.283211,-0.304657,-0.0192047,0.0549332,0.120571,-5.82945,-1.38153
B8,B,5.48981,1.64134e+15,8.46231e+12,0.0171053,8.52842e+12,0,10.1562,10.1562,7.89227e+13,0.250225,52.7836,67.223,0.19946,9.9124,2.3154,0.350913,32.722,-2.16401e-05,0.021548,0.401835,0.98062,0.0193801,3.07397,6.52672,0.256168,2.25219,1.45876,0.0355556,134.543,0,641.792,0,0.0165579,0,0,28,0,0.953068,1.5237,0.0948103,2.18575,9.75087,3.50422,7.06287e-05,3.77834,1.05733,2.91434,2.84448,0.225896,0.223441,0.137108,7.44006,0.143755,0.499731,1.60293,38.7925,0.08127,38.7925,0.356514,1.42378,2.1751,2.06727,2.30197,1.98293,3.71548,1.09156,25.0125,9.61322,5.5074,7.35105e+13,3.47663e+11,0.42314,3.50379e+11,0,10.1562,10.1562,3.23448e+12,0.307734,14.0742,17.4045,0.173128,8.3109,2.00921,0.229057,12.1269,-2.74156e-06,0.00773887,0.297028,0.986346,0.0136541,3.127,2.09949,0.179107,0.70752,0.478614,0.0546032,47.8813,0,239.128,0,0.0149132,0,0,43,0,0.855234,1.42889,0.0824405,2.06604,3.24039,1.08488,7.66977e-05,1.12709,0.92701,2.81803,1.02157,0.255686,0.243511,0.046375,7.27382,0.153911,0.553808,0.863133,13.2944,0.0724037,13.2944,0.292282,1.46778,1.99178,2.11352,2.17444,1.92611,3.72493,0.648947,8.34409,5.56307,-0.0175926,1.56783e+15,8.11464e+12,-0.406035,8.17804e+12,0,0,0,7.56882e+13,-0.0575086,38.7094,49.8185,0.026332,1.60149,0.306192,0.121856,20.5952,-1.88985e-05,0.0138092,0.104807,-0.00572597,0.00572597,-0.0530372,4.42723,0.0770603,1.54467,0.980142,-0.0190476,86.6617,0,402.664,0,0.00164469,0,0,-15,0,0.0978338,0.0948088,0.0123698,0.119711,6.51048,2.41934,-6.06906e-06,2.65125,0.13032,0.0963121,1.82291,-0.0297906,-0.0200695,0.0907334,0.16624,-0.010156,-0.0540764,0.739793,25.4981,0.00886636,25.4981,0.0642324,-0.0439995,0.183323,-0.04625,0.127528,0.05682,-0.00945281,0.442611,16.6685,4.05015
B9,B,5.7554,3.55482e+13,1.34058e+11,0.283166,1.35105e+11,0,10.1562,10.1562,1.23553e+12,0.285019,15.3207,35.4255,0.266612,13.6704,4.62818,0.431681,6.53215,4.31032e-05,0.0332155,0.535941,0.971705,0.0282953,3.10622,1.74155,0.363534,0.617832,0.375351,0.110367,27.9752,0,126.765,0,0.0212533,0,0,70,0,1.11008,1.65205,0.12157,2.43354,2.64414,1.17514,8.30853e-05,1.07866,1.3332,3.063,0.687787,0.264005,0.271317,0.0380768,7.74158,0.0554003,0.717861,0.683539,20.6747,0.0943603,20.6747,0.226739,1.18505,2.40871,2.3542,1.69777,1.4537,3.44532,0.228221,20.3392,7.83831,5.59745,7.78136e+13,3.19681e+11,0.237155,3.22179e+11,0,10.1562,10.1562,2.96462e+12,0.282435,14.2037,24.7209,0.121857,9.97638,3.5444,0.252683,10.2696,-2.94739e-05,0.0064032,0.483585,0.993524,0.00647585,2.82492,1.25142,0.208813,0.723917,0.487666,0.110367,41.1,0,204.011,0,0.0178526,0,0,70,0,0.917699,1.46858,0.0941831,2.22197,2.12526,1.11503,0.000102923,0.914213,1.07023,2.9997,0.931183,0.290735,0.273922,0.0342148,7.23547,0.119745,0.606159,0.758183,14.6415,0.0759762,14.6415,0.274096,1.2429,2.35793,2.30951,2.10044,1.36027,3.65697,0.401646,10.5866,4.53359,0.157951,-4.22654e+13,-1.85624e+11,0.0460109,-1.87074e+11,0,0,0,-1.72909e+12,0.00258398,1.117,10.7047,0.144755,3.69402,1.08378,0.178998,-3.7374,7.25772e-05,0.0268123,0.0523553,-0.0218194,0.0218194,0.2813,0.490136,0.154722,-0.106085,-0.112315,0,-13.1248,0,-77.2457,0,0.00340067,0,0,0,0,0.192386,0.183479,0.0273865,0.211567,0.518887,0.0601165,-1.98375e-05,0.16445,0.262968,0.0632994,-0.243396,-0.0267302,-0.00260555,0.0038621,0.506109,-0.0643445,0.111702,-0.074644,6.03319,0.0183842,6.03319,-0.047357,-0.0578517,0.0507765,0.0446952,-0.402665,0.0934275,-0.211647,-0.173425,9.75265,3.30473
B10,B,5.51113,2.41364e+13,1.1509e+11,1.7778,1.15989e+11,0,10.1562,10.1562,1.0668e+12,0.352623,9.57529,11.5438,0.192157,7.94007,3.41321,0.231697,8.56888,1.6676e-05,0.00232103,0.377494,0.980755,0.0192453,3.3327,1.64657,0.173811,0.470461,0.327592,0.141873,33.6227,0,168.156,0,0.0145874,0,0,103,0,0.84217,1.41888,0.0794909,2.03535,2.49394,0.731998,4.97736e-05,1.31842,0.894298,2.75326,0.964134,0.327981,0.294019,0.0313028,7.21888,0.156628,0.549793,0.705671,9.34594,0.076603,9.34594,0.293579,1.55637,2.0337,2.06028,2.54716,2.13666,3.73079,0.430272,5.84478,2.10318,5.52996,2.03576e+14,1.08534e+12,0.216107,1.09382e+12,0,10.1562,10.1562,9.89333e+12,0.284899,27.0057,31.8616,0.214901,6.962,3.51222,0.287294,21.0126,-3.06208e-05,0.00788136,0.408098,0.976892,0.0231085,3.24981,4.51563,0.19707,0.924823,0.641602,0.162534,84.026,0,410.572,0,0.0115481,0,0,118,0,0.82517,1.43615,0.0709305,1.87848,6.61961,1.90353,0.000117803,4.02922,0.819416,2.53194,2.85896,0.331631,0.301748,0.0829019,7.16104,0.154792,0.522218,1.18366,23.1325,0.0759658,23.1325,0.322989,1.28454,2.03102,1.82827,2.4884,1.84265,3.72893,1.06037,14.5031,6.39266,-0.0188381,-1.7944e+14,-9.70247e+11,1.56169,-9.77827e+11,0,0,0,-8.82653e+12,0.0677243,-17.4305,-20.3178,-0.0227442,0.978071,-0.0990106,-0.0555969,-12.4437,4.72969e-05,-0.00556033,-0.0306034,0.0038632,-0.0038632,0.0828883,-2.86906,-0.0232594,-0.454362,-0.314011,-0.0206612,-50.4033,0,-242.415,0,0.00303932,0,0,-15,0,0.0169993,-0.0172684,0.00856043,0.156864,-4.12567,-1.17153,-6.80294e-05,-2.7108,0.0748822,0.221318,-1.89483,-0.00364997,-0.00772933,-0.0515991,0.057846,0.00183535,0.0275748,-0.477994,-13.7866,0.000637206,-13.7866,-0.0294101,0.27183,0.0026789,0.232012,0.0587562,0.294008,0.00185195,-0.630097,-8.65834,-4.28949
B11,B,5.48924,8.79921e+14,3.81321e+12,0.0436788,3.843e+12,0,10.1562,10.1562,3.5784e+13,0.254612,40.865,47.0736,0.143773,9.59832,2.60583,0.363138,25.539,-0.00016703,0.0194136,0.563788,0.990157,0.00984302,2.96124,3.67181,0.253951,1.6169,1.12958,0.0209424,106.458,0,505.369,0,0.0162258,0,0,11,0,0.937917,1.52046,0.092291,2.15357,5.29723,2.68606,0.000228265,2.52521,1.05152,2.91429,2.84316,0.324403,0.296224,0.0873634,7.0261,0.13335,0.511685,1.37195,32.7118,0.0931001,32.7118,0.354964,1.06139,2.71053,1.46211,1.92239,1.57629,3.64087,0.977711,26.3889,9.33143,5.48981,4.20903e+14,1.87337e+12,0.0814387,1.88801e+12,0,10.1562,10.1562,1.75369e+13,0.263085,27.5325,32.1265,0.130133,9.69443,3.36234,0.297115,19.5409,-0.000183483,0.00997553,0.481241,0.991843,0.00815736,2.965,2.54292,0.222471,1.28434,0.885059,0.0875773,79.3472,0,387.316,0,0.0168548,0,0,46,0,0.917889,1.4845,0.0922418,2.17774,3.97,1.99676,0.000406089,2.12472,1.05235,2.96684,2.02265,0.360243,0.332911,0.0682218,6.98775,0.145317,0.515725,1.60977,22.9053,0.0732132,22.9053,0.338958,0.980962,1.74825,1.52679,1.90663,1.71932,3.71459,0.928838,14.6355,8.39163,-0.000568814,4.59018e+14,1.93984e+12,-0.0377598,1.95499e+12,0,0,0,1.82471e+13,-0.00847305,13.3325,14.9471,0.0136392,-0.0961141,-0.756508,0.0660224,5.99816,1.64528e-05,0.0094381,0.0825469,-0.00168566,0.00168566,-0.00376182,1.12889,0.0314799,0.332563,0.244522,-0.0666349,27.111,0,118.053,0,-0.000629039,0,0,-35,0,0.0200278,0.0359673,4.92346e-05,-0.024176,1.32723,0.6893,-0.000177824,0.400494,-0.000827078,-0.0525455,0.820511,-0.0358399,-0.0366878,0.0191416,0.0383491,-0.0119663,-0.00404005,-0.23782,9.80658,0.0198869,9.80658,0.0160064,0.0804322,0.962277,-0.0646783,0.0157601,-0.143031,-0.073724,0.0488736,11.7534,0.939796
B12,B,6.95323,2.45182e+16,1.79696e+14,8.8823e-05,1.811e+14,0,14.6875,14.6875,1.02256e+15,0.249985,94.1179,555.368,0.926084,17.5893,5.13677,0.379916,20.987,-7.1184e-05,0.00894199,0.1333,0.924832,0.0751679,3.38801,19.4358,0.33842,2.68375,1.8856,0.134521,79.9423,0,371.451,0,0.0356208,0,0,117,0,1.34112,1.72429,0.165931,2.99443,27.8902,3.92965,-0.000344415,3.35288,1.58807,3.64739,8.26535,0.457359,0.426978,0.416973,7.86642,0.0729618,0.667326,0.78064,46.8315,0.0758399,46.8315,0.259712,0.138915,0.445486,0.38489,0.227466,0.315883,3.55125,0.390579,39.944,104.043,5.41844,2.82203e+14,1.18559e+12,0.323831,1.19485e+12,0,10.1562,10.1562,1.11986e+13,0.293913,16.6648,25.4648,0.149252,6.97032,1.31976,0.167615,20.2892,-4.01315e-05,0.00158023,0.18678,0.988681,0.0113189,3.02502,3.0282,0.128949,0.985831,0.701278,0.0229951,78.2729,0,401.206,0,0.0132019,0,0,20,0,0.778085,1.35512,0.0700373,1.9358,4.62348,1.44375,9.70542e-05,1.2217,0.795245,2.68801,1.54744,0.325716,0.278648,0.065813,7.15734,0.185555,0.547191,0.696175,18.3217,0.0736852,18.3217,0.267254,1.40117,1.82311,1.72482,1.99431,1.95189,3.74623,0.220231,11.0807,6.13604,1.53478,2.4236e+16,1.7851e+14,-0.323742,1.79905e+14,0,4.53125,4.53125,1.01137e+15,-0.0439276,77.4531,529.903,0.776832,10.619,3.81701,0.212301,0.69784,-3.10525e-05,0.00736176,-0.05348,-0.063849,0.063849,0.362981,16.4076,0.209471,1.69792,1.18432,0.111526,1.66947,0,-29.7548,0,0.0224189,0,0,97,0,0.563034,0.369177,0.0958936,1.05864,23.2667,2.48591,-0.000441469,2.13118,0.792826,0.959381,6.71791,0.131643,0.14833,0.35116,0.709086,-0.112593,0.120135,0.084465,28.5098,0.00215466,28.5098,-0.00754203,-1.26225,-1.37762,-1.33993,-1.76684,-1.63601,-0.19498,0.170347,28.8633,97.9066
B13,B,5.67686,4.38741e+14,1.95336e+12,0.0287077,1.96862e+12,0,10.1562,10.1562,1.78844e+13,0.251187,31.7766,38.3208,0.177862,9.4138,5.10712,0.346566,20.2023,-0.000105511,0.017759,0.403135,0.985415,0.0145849,3.15137,3.59322,0.246699,1.26859,0.818829,0.0385164,82.9135,0,398.102,0,0.0151858,0,0,27,0,0.923603,1.50499,0.0889879,2.10671,5.5093,2.2172,8.04299e-05,2.07604,1.02419,2.84776,1.68687,0.309566,0.302189,0.0808051,7.26923,0.141631,0.529821,1.26274,24.219,0.0784426,24.219,0.328548,1.49845,2.27149,2.14798,2.42548,1.69431,3.70833,1.00735,15.8581,6.87266,5.94375,4.42409e+14,1.92348e+12,0.0124624,1.93851e+12,0,10.3125,10.3125,1.71031e+13,0.250706,28.048,71.7678,0.250751,9.80835,4.37658,0.25754,16.577,-7.89265e-05,0.0030145,0.341415,0.974537,0.0254632,3.19034,4.15669,0.223401,1.10019,0.721055,0.141227,66.0544,0,322.733,0,0.0166719,0,0,99,0,0.924149,1.49045,0.093405,2.17177,6.81372,1.88619,0.000879636,2.47879,1.02662,2.84525,1.9597,0.408283,0.427061,0.0993056,7.35746,0.106141,0.637724,0.691464,26.4959,0.0883084,26.4959,0.256134,1.12465,2.05272,1.55725,2.07466,1.40161,3.61402,0.31993,21.3107,19.8343,-0.266891,-3.66801e+12,2.98795e+10,0.0162454,3.01129e+10,0,-0.15625,-0.15625,7.81222e+11,0.00048074,3.72861,-33.447,-0.0728889,-0.394545,0.730535,0.0890253,3.62533,-2.65841e-05,0.0147445,0.0617199,0.0108783,-0.0108783,-0.0389664,-0.56347,0.0232973,0.168398,0.0977738,-0.10271,16.859,0,75.3697,0,-0.00148617,0,0,-72,0,-0.000545586,0.0145353,-0.00441715,-0.0650562,-1.30441,0.331016,-0.000799206,-0.402751,-0.00243243,0.00250325,-0.272826,-0.0987169,-0.124871,-0.0185005,-0.0882246,0.0354894,-0.107903,0.571277,-2.27689,-0.00986579,-2.27689,0.0724141,0.373798,0.218773,0.590733,0.350826,0.292699,0.0943092,0.687419,-5.45256,-12.9616
B14,B,5.63103,1.33556e+14,5.36117e+11,0.138364,5.40306e+11,0,10.1562,10.1562,4.9644e+12,0.267953,20.325,30.6467,0.190449,9.85072,3.23902,0.347556,12.4244,-8.63152e-06,0.00902542,0.485528,0.983801,0.0161994,3.03958,2.36622,0.252232,0.862189,0.570917,0.0743802,51.1605,0,244.327,0,0.0171067,0,0,54,0,0.947879,1.5206,0.0955713,2.19742,3.66843,1.34322,3.95717e-05,1.49257,1.09247,2.90494,1.24125,0.319756,0.279605,0.0582977,7.48911,0.0936722,0.633761,0.920866,22.683,0.0943163,22.683,0.272567,1.44018,2.57188,2.20557,1.99088,1.66701,3.58283,0.625821,18.9884,9.54155,5.53952,2.94456e+14,1.10437e+12,0.131412,1.113e+12,0,10.1562,10.1562,1.03775e+13,0.270897,20.4377,37.6047,0.187969,8.75808,2.94816,0.243971,17.0549,-1.97057e-05,0.00412157,0.289496,0.987101,0.012899,3.15695,3.2058,0.186876,1.06462,0.714775,0.0399449,67.4139,0,336.319,0,0.0159559,0,0,29,0,0.872139,1.4389,0.0859124,2.1163,4.75622,1.6051,0.000141831,1.57849,0.983287,2.86984,1.95109,0.329795,0.28383,0.0691898,7.266,0.136221,0.575813,0.942612,21.147,0.0738646,21.147,0.287966,1.30968,1.91275,2.17629,2.06985,1.64382,3.70309,0.523152,13.6933,7.31575,0.0915045,-1.609e+14,-5.68252e+11,0.00695257,-5.72692e+11,0,0,0,-5.41307e+12,-0.00294453,-0.112721,-6.95801,0.00248,1.09264,0.290864,0.103585,-4.63055,1.10742e-05,0.00490385,0.196032,-0.0033004,0.0033004,-0.117365,-0.839588,0.0653566,-0.202432,-0.143857,0.0344353,-16.2534,0,-91.9915,0,0.00115082,0,0,25,0,0.0757402,0.0816939,0.00965892,0.0811202,-1.08778,-0.261876,-0.00010226,-0.0859126,0.109179,0.0351036,-0.709835,-0.0100393,-0.00422466,-0.010892,0.22311,-0.0425485,0.0579479,-0.0217458,1.53598,0.0204517,1.53598,-0.0153994,0.130499,0.659129,0.0292724,-0.078969,0.0231864,-0.120259,0.102669,5.2951,2.22579
B15,B,6.07904,3.60068e+15,1.63494e+13,0.00236845,1.64771e+13,0,10.1562,10.1562,1.385e+14,0.249985,47.5003,126.491,0.322604,12.6377,3.70215,0.285092,21.8283,-4.05376e-08,0.00566568,0.233451,0.976667,0.0233332,3.17037,7.04189,0.251039,1.96469,1.33631,0.0697168,86.8054,0,423.747,0,0.0230868,0,0,64,0,1.04317,1.54478,0.115506,2.48884,11.0966,2.77448,0.000635129,2.41165,1.18549,3.16282,3.01305,0.453819,0.456897,0.16778,7.66049,0.116141,0.60211,0.790455,31.8075,0.0736632,31.8075,0.281749,0.954699,1.30163,0.916294,1.2401,0.95887,3.66655,0.431668,22.4519,32.5724,5.71149,8.61341e+13,3.97321e+11,0.263005,4.00425e+11,0,10.1562,10.1562,3.60396e+12,0.282195,14.3526,32.661,0.115686,7.43713,2.45615,0.227262,12.9715,-5.82619e-06,0.00881076,0.413263,0.995028,0.00497249,2.58287,1.50062,0.169656,0.668153,0.456731,0.0206972,51.694,0,258.029,0,0.0132448,0,0,19,0,0.818903,1.40946,0.0746668,1.95852,2.37027,1.02562,9.5469e-05,0.894451,0.854215,2.67985,1.14,0.329871,0.286587,0.0427727,7.33049,0.168139,0.523044,1.20656,13.0658,0.0680398,13.0658,0.308817,1.15471,1.23027,1.63742,2.07153,1.2049,3.75585,0.929523,7.39403,7.54231,0.367546,3.51454e+15,1.59521e+13,-0.260637,1.60767e+13,0,0,0,1.34896e+14,-0.0322096,33.1476,93.8304,0.206918,5.20059,1.246,0.0578304,8.85681,5.78565e-06,-0.00314508,-0.179812,-0.0183607,0.0183607,0.587502,5.54127,0.0813827,1.29653,0.879575,0.0490196,35.1115,0,165.718,0,0.00984204,0,0,45,0,0.224264,0.135324,0.0408389,0.530314,8.72632,1.74886,0.00053966,1.5172,0.331278,0.48297,1.87305,0.123948,0.17031,0.125008,0.330001,-0.0519988,0.0790668,-0.416103,18.7416,0.00562339,18.7416,-0.027068,-0.200008,0.0713608,-0.72113,-0.831431,-0.246033,-0.0892986,-0.497855,15.0578,25.0301
B16,B,5.50439,2.06417e+14,9.29833e+11,0.172059,9.37097e+11,0,10.1562,10.1562,8.66981e+12,0.280091,23.8209,45.3987,0.368212,9.79429,2.33741,0.346607,14.9759,-3.77446e-05,0.0200902,0.215474,0.940034,0.0599661,3.39252,5.51431,0.250826,0.964397,0.661181,0.0868068,58.887,0,281.041,0,0.017045,0,0,63,0,0.951352,1.5208,0.09516,2.20066,7.82351,1.47108,0.00027199,2.09002,1.08433,2.96095,1.59806,0.347285,0.271721,0.0974362,7.32829,0.134564,0.516072,1.49809,18.1603,0.0810445,18.1603,0.349364,1.60736,1.86998,1.86305,2.10638,2.21139,3.7047,0.978756,11.7972,6.69584,5.49787,1.53469e+14,6.55767e+11,0.279407,6.6089e+11,0,10.1562,10.1562,6.09631e+12,0.296076,17.0518,27.6781,0.185371,7.24222,1.86226,0.213682,16.1262,-1.29609e-05,0.00574462,0.324318,0.984807,0.0151927,3.25913,2.98932,0.162058,0.822512,0.559161,0.121254,63.4191,0,317.439,0,0.0132328,0,0,88,0,0.812644,1.40262,0.0743393,1.95529,4.46652,1.23528,0.000118406,2.6355,0.856067,2.67359,2.06745,0.386151,0.313127,0.0614898,7.14724,0.152456,0.552241,0.831455,17.8595,0.0803738,17.8595,0.295303,1.35635,2.1336,1.87819,2.17524,1.92539,3.71598,0.621548,11.5893,4.92359,0.00651928,5.29477e+13,2.74066e+11,-0.107348,2.76207e+11,0,0,0,2.57349e+12,-0.0159846,6.76909,17.7206,0.182841,2.55207,0.475149,0.132924,-1.15029,-2.47837e-05,0.0143456,-0.108844,-0.0447734,0.0447734,0.133391,2.52498,0.088768,0.141885,0.102021,-0.0344471,-4.53206,0,-36.3984,0,0.00381227,0,0,-25,0,0.138708,0.11818,0.0208207,0.245371,3.357,0.235795,0.000153584,-0.54548,0.228262,0.287366,-0.469398,-0.0388656,-0.0414058,0.0359463,0.181046,-0.0178916,-0.0361697,0.666638,0.300802,0.000670713,0.300802,0.0540613,0.251004,-0.26362,-0.0151486,-0.068863,0.285997,-0.0112761,0.357208,0.207947,1.77226
B17,B,5.43955,2.92457e+13,1.40936e+11,1.24361,1.42037e+11,0,10.1562,10.1562,1.32687e+12,0.336999,9.8217,8.50189,0.0809873,7.65155,1.84314,0.215199,9.69375,5.35719e-06,0.0100912,0.480591,0.99683,0.00316977,3.09795,0.78507,0.161803,0.513935,0.35634,0.0164948,38.4186,0,193.269,0,0.013757,0,0,12,0,0.818215,1.39996,0.0757405,1.98794,1.29944,0.762323,-2.43735e-05,0.661649,0.861585,2.74147,0.748592,0.247265,0.244835,0.0231145,7.08389,0.181779,0.498519,1.0625,9.03001,0.0644038,9.03001,0.319702,1.29349,1.89089,1.81929,2.28044,1.74809,3.78354,0.744687,4.52952,2.0609,5.41535,7.46036e+13,3.23875e+11,0.70852,3.26405e+11,0,10.1562,10.1562,3.09727e+12,0.31152,14.2699,11.3354,0.0940441,8.05622,1.64112,0.253127,12.4453,-7.87981e-06,0.00702758,0.4959,0.995737,0.00426314,3.33939,1.17041,0.183273,0.69404,0.475711,0.0164948,49.9084,0,247.852,0,0.0142726,0,0,12,0,0.848092,1.43112,0.0801787,2.02609,1.86733,1.08307,7.1936e-05,0.801546,0.907618,2.77713,0.86474,0.23849,0.240932,0.0316776,7.13496,0.175381,0.488365,1.3955,12.029,0.0673906,12.029,0.336253,1.33012,1.72648,1.93047,2.21158,1.87489,3.7728,0.931709,6.34489,2.59219,0.0241916,-4.53579e+13,-1.82939e+11,0.535088,-1.84368e+11,0,0,0,-1.7704e+12,0.0254792,-4.44816,-2.83354,-0.0130568,-0.404664,0.202022,-0.037928,-2.75157,1.3237e-05,0.00306366,-0.015309,0.00109337,-0.00109337,-0.241442,-0.385338,-0.0214695,-0.180106,-0.119371,0,-11.4898,0,-54.583,0,-0.000515638,0,0,0,0,-0.0298773,-0.0311653,-0.00443817,-0.0381488,-0.567886,-0.320751,-9.63095e-05,-0.139897,-0.0460328,-0.0356602,-0.116148,0.00877516,0.00390292,-0.00856315,-0.0510712,0.00639795,0.0101536,-0.332995,-2.99903,-0.00298678,-2.99903,-0.0165515,-0.0366206,0.16441,-0.11118,0.0688625,-0.126797,0.0107357,-0.187022,-1.81537,-0.531284
B18,B,5.4556,4.1551e+16,1.7265e+14,0.000652281,1.73999e+14,0,10.1562,10.1562,1.64356e+15,0.249985,183.913,109.642,0.15331,8.97646,2.73742,0.391822,104.49,-1.03323e-05,0.0328321,0.602795,0.987803,0.0121974,3.33437,16.0194,0.283389,6.22247,3.75608,0.0299422,444.871,0,2064.81,0,0.0131506,0,0,22,0,0.930469,1.54195,0.08625,2.02164,22.6499,12.1571,1.53158e-06,8.92008,0.977805,2.70415,6.35249,0.202855,0.23397,0.357182,7.30014,0.150537,0.417191,2.39894,118.548,0.098156,118.548,0.432271,1.53599,2.20836,1.70493,2.39155,2.22666,3.68708,0.639769,87.2866,22.2633,5.66812,5.5096e+13,2.33841e+11,0.227271,2.35668e+11,0,10.1562,10.1562,2.14546e+12,0.280512,14.21,20.1123,0.140589,8.90938,3.34884,0.290837,10.0257,-1.12813e-06,0.014715,0.491871,0.990545,0.0094548,3.00336,1.4095,0.220416,0.602143,0.408145,0.0558013,40.8656,0,198.601,0,0.0152386,0,0,41,0,0.89513,1.47888,0.0870835,2.09232,2.25448,1.01183,0.000224381,1.03878,0.975645,2.81374,0.833647,0.233345,0.251365,0.0353744,7.30641,0.135,0.54488,0.897152,12.6506,0.090035,12.6506,0.320119,1.45237,2.15459,1.68754,2.03655,1.5804,3.67117,0.742417,9.31972,3.69549,-0.212519,4.14959e+16,1.72416e+14,-0.226618,1.73763e+14,0,0,0,1.64142e+15,-0.030527,169.703,89.5294,0.0127211,0.0670808,-0.611421,0.100986,94.4647,-9.20418e-06,0.0181171,0.110925,-0.00274257,0.00274257,0.331004,14.6099,0.0629734,5.62032,3.34793,-0.0258591,404.005,0,1866.21,0,-0.00208801,0,0,-19,0,0.0353396,0.0630692,-0.000833484,-0.0706819,20.3954,11.1453,-0.000222849,7.8813,0.00215932,-0.109585,5.51884,-0.0304895,-0.0173942,0.321808,-0.00627296,0.015537,-0.127689,1.50179,105.898,0.00812108,105.898,0.112152,0.0836175,0.0537666,0.0173877,0.355005,0.64626,0.0159131,-0.102648,77.9669,18.5679
B19,B,5.68182,1.04496e+15,5.20981e+12,0.0179626,5.25051e+12,0,10.3125,10.3125,4.62676e+13,0.250466,48.2058,78.1641,0.466998,10.1434,3.95245,0.365481,25.3879,-5.46538e-05,0.0113458,0.296603,0.892453,0.107547,3.56291,11.8561,0.275627,1.61804,1.10547,0.259221,98.3362,0,455.459,0,0.0173753,0,0,188,0,0.992716,1.56773,0.0996048,2.22496,17.0834,2.70772,0.000347847,9.25234,1.12972,2.92212,7.18137,0.274529,0.300501,0.201165,7.47508,0.0848681,0.630941,0.757506,48.487,0.103243,48.487,0.284191,1.84218,2.58971,2.06537,2.04246,2.44732,3.53675,0.603456,45.2959,16.2133,5.40555,9.24663e+15,1.68325e+13,0.00262525,1.6964e+13,0,10.3125,10.3125,2.16658e+14,0.249985,103.925,82.5076,0.250583,16.5314,4.217,0.833073,31.4267,1.40328e-07,0.0435664,0.662422,0.970781,0.0292185,3.29301,7.87501,0.535245,3.96506,1.63147,0.0579111,148.536,0,609.936,0,0.0202276,0,0,42,0,1.27931,1.80905,0.134193,2.43813,10.3073,8.25178,0.00015024,4.53241,1.42868,3.09401,3.11968,0.204084,0.239826,0.176988,7.68655,0.0917894,0.491457,2.3556,60.8257,0.118182,60.8257,0.416754,1.73792,2.05987,1.75601,2.26345,2.36714,3.55851,0.66289,56.5346,25.0155,0.276275,-8.20167e+15,-1.16226e+13,0.0153374,-1.17135e+13,0,0,0,-1.70391e+14,0.00048074,-55.7192,-4.34345,0.216415,-6.38804,-0.264551,-0.467593,-6.03886,-5.47941e-05,-0.0322205,-0.365819,-0.0783284,0.0783284,0.269901,3.98108,-0.259618,-2.34701,-0.526008,0.20131,-50.1998,0,-154.476,0,-0.00285234,0,0,146,0,-0.286597,-0.241316,-0.0345877,-0.213167,6.77604,-5.54406,0.000197607,4.71993,-0.298953,-0.171887,4.06169,0.0704455,0.0606756,0.024177,-0.211473,-0.00692124,0.139484,-1.59809,-12.3387,-0.0149392,-12.3387,-0.132563,0.104266,0.529838,0.309364,-0.220994,0.0801752,-0.0217605,-0.0594341,-11.2387,-8.80221
B20,B,5.64037,1.14206e+13,4.42422e+10,1.18204,4.45878e+10,0,10.1562,10.1562,4.13832e+11,0.325221,11.561,13.2388,0.36584,20.8283,7.70358,0.629347,4.03549,-0.000134754,0.0852855,0.359866,0.932694,0.0673059,3.32335,1.47634,0.508892,0.473352,0.295906,0.15122,17.1536,0,75.4788,0,0.02709,0,0,93,0,1.30102,1.75785,0.148602,2.71467,2.23365,0.914992,0.00021324,1.29321,1.60027,3.44173,0.934924,0.29895,0.325,0.0289507,7.71013,0.0785704,0.617408,1.06152,8.9683,0.0822767,8.9683,0.304022,2.03133,2.6403,2.41478,2.45227,2.13596,3.59841,0.917968,7.04318,2.68939,5.56685,1.43949e+13,6.98092e+10,1.27155,7.03545e+10,0,10.1562,10.1562,6.45149e+11,0.335076,10.635,14.8308,0.270074,11.2625,3.19616,0.35376,5.78494,1.88787e-06,0.0180308,0.306902,0.971085,0.028915,3.32219,1.56236,0.266985,0.436802,0.292108,0.107317,23.3484,0,112.189,0,0.0190565,0,0,66,0,1.00773,1.5487,0.105593,2.31765,2.3847,0.814926,-0.000101841,1.16405,1.17092,3.08633,1.02506,0.264582,0.254571,0.030592,7.26434,0.121934,0.571306,0.99615,8.01095,0.0761812,8.01095,0.30676,1.81596,2.61627,2.40641,2.19672,1.78024,3.69241,0.847233,5.30992,2.4763,0.0735208,-2.97434e+12,-2.5567e+10,-0.0895016,-2.57667e+10,0,0,0,-2.31317e+11,-0.00985518,0.926037,-1.592,0.0957665,9.56586,4.50742,0.275587,-1.74945,-0.000136642,0.0672547,0.0529649,-0.0383909,0.0383909,0.0011614,-0.0860168,0.241907,0.0365503,0.00379851,0.0439024,-6.19476,0,-36.7098,0,0.00803344,0,0,27,0,0.293294,0.209148,0.0430088,0.397021,-0.151048,0.100067,0.000315081,0.129158,0.429344,0.355405,-0.0901364,0.0343677,0.0704293,-0.00164132,0.445789,-0.0433641,0.0461019,0.0653721,0.957355,0.00609559,0.957355,-0.00273781,0.215372,0.0240338,0.00837365,0.255546,0.355722,-0.0939925,0.0707347,1.73325,0.213092
B21,B,5.43654,2.06928e+13,1.01586e+11,2.79311,1.02379e+11,0,10.3125,10.3125,9.63277e+11,0.360736,9.73127,9.00166,0.145524,7.59051,2.13417,0.23722,8.84606,1.09228e-06,0.00618454,0.353064,0.989306,0.010694,3.20318,1.28731,0.17536,0.45387,0.313425,0.0513458,35.1264,0,175.034,0,0.0133798,0,0,31,0,0.827151,1.41656,0.0759567,1.97198,1.98381,0.747169,-5.65953e-05,0.857278,0.858998,2.68505,0.668441,0.235132,0.257544,0.0287521,6.97746,0.136504,0.618779,0.666969,10.9452,0.106836,10.9452,0.244717,1.34443,2.11725,1.99711,2.27214,1.78949,3.61997,0.128081,9.39222,2.13066,5.41831,4.03305e+13,1.84483e+11,2.28294,1.85925e+11,0,10.1562,10.1562,1.74899e+12,0.358993,10.0479,12.5125,0.119592,5.57276,2.01378,0.16107,13.0343,-5.91407e-06,0.00362627,0.285632,0.993116,0.00688381,2.97098,1.55879,0.12194,0.492044,0.347834,0.0364389,50.8932,0,258.871,0,0.0101843,0,0,22,0,0.729301,1.33953,0.0591622,1.73877,2.38954,0.806909,-6.25757e-05,0.986137,0.679224,2.40861,0.905331,0.261207,0.287841,0.0375942,6.74638,0.178733,0.55653,0.652684,12.2613,0.0874355,12.2613,0.264738,1.15065,1.80292,1.75762,2.01371,1.56878,3.72356,0.149812,8.12529,3.39011,0.0182388,-1.96378e+13,-8.28975e+10,0.510165,-8.35452e+10,0,0.15625,0.15625,-7.85709e+11,0.00174268,-0.316638,-3.51085,0.0259323,2.01775,0.120388,0.07615,-4.18821,7.00635e-06,0.00255827,0.0674321,-0.00381017,0.00381017,0.232192,-0.271477,0.0534204,-0.0381746,-0.0344088,0.0149068,-15.7668,0,-83.837,0,0.00319553,0,0,9,0,0.0978505,0.0770248,0.0167945,0.233214,-0.405732,-0.0597403,5.98038e-06,-0.128858,0.179774,0.27644,-0.23689,-0.0260749,-0.0302961,-0.00884206,0.231085,-0.0422282,0.0622492,0.0142841,-1.31604,0.0194004,-1.31604,-0.020021,0.193772,0.314328,0.239491,0.258429,0.220708,-0.103595,-0.0217312,1.26692,-1.25945
B22,B,5.5008,2.41865e+13,1.12546e+11,1.35464,1.13425e+11,0,10.3125,10.3125,1.05537e+12,0.352262,9.99225,10.9296,0.194065,12.8428,2.89726,0.324899,6.25196,-1.03865e-05,0.0137667,0.34263,0.980057,0.0199431,3.15078,1.21328,0.254584,0.54192,0.385855,0.0620904,25.0118,0,122.61,0,0.022911,0,0,45,0,1.0278,1.53068,0.113126,2.47754,1.94064,0.752149,1.37913e-05,0.879246,1.23447,3.28203,0.647598,0.244122,0.247149,0.026345,7.4895,0.105915,0.643692,0.604309,10.0766,0.111671,10.0766,0.250393,1.56282,2.62113,2.2703,2.17555,2.07124,3.55909,0.204327,9.47876,2.40438,5.47337,9.65906e+13,4.07386e+11,0.535727,4.10569e+11,0,10.1562,10.1562,3.83102e+12,0.319212,15.036,14.8884,0.144448,9.26337,1.88981,0.267354,11.8113,-9.50886e-06,0.00433496,0.394661,0.989616,0.0103844,3.25663,1.70611,0.199138,0.773508,0.529699,0.0676095,47.1907,0,233.772,0,0.0169061,0,0,49,0,0.897775,1.45792,0.0899028,2.16933,2.71523,1.1236,-3.37849e-06,1.19729,1.00537,2.93549,0.964805,0.250955,0.236193,0.0400175,7.29146,0.123993,0.615802,0.595529,16.1793,0.11216,16.1793,0.260205,1.49893,2.6217,2.10682,2.24077,2.03034,3.59333,0.218312,14.5855,3.62518,0.02743,-7.24041e+13,-2.9484e+11,0.818909,-2.97143e+11,0,0.15625,0.15625,-2.77565e+12,0.0330509,-5.04379,-3.95884,0.0496166,3.57942,1.00745,0.0575448,-5.5593,-8.77658e-07,0.00943178,-0.0520313,-0.00955871,0.00955871,-0.105854,-0.492829,0.0554459,-0.231589,-0.143845,-0.00551914,-22.1789,0,-111.162,0,0.00600493,0,0,-4,0,0.130029,0.0727553,0.0232229,0.308207,-0.774593,-0.371448,1.71697e-05,-0.318048,0.2291,0.346536,-0.317208,-0.00683272,0.0109557,-0.0136725,0.198049,-0.0180777,0.0278902,0.00878003,-6.10273,-0.000488526,-6.10273,-0.00981251,0.0638928,-0.000565074,0.163484,-0.0652193,0.0408992,-0.0342486,-0.0139851,-5.10678,-1.2208
B23,B,5.66487,1.11833e+15,5.02726e+12,0.026316,5.06654e+12,0,10.1562,10.1562,4.51713e+13,0.250706,36.9463,75.5203,0.174466,10.7926,2.34754,0.308143,24.2784,1.55116e-05,0.0107011,0.436488,0.984757,0.0152433,3.11921,4.23575,0.235701,1.81026,1.26504,0.0744314,98.0355,0,478.159,0,0.0193816,0,0,54,0,0.967241,1.50873,0.101791,2.31112,6.76118,2.73604,0.000210986,3.1922,1.14159,3.06826,2.58623,0.433388,0.27413,0.103163,7.46646,0.109669,0.619007,0.730394,37.9331,0.0854984,37.9331,0.271324,1.34973,2.28275,1.7757,1.96872,1.62451,3.62851,0.340752,29.3144,15.0592,5.93601,2.23045e+14,1.03751e+12,0.0352802,1.04561e+12,0,10.1562,10.1562,8.82925e+12,0.252268,20.0182,53.4674,0.199305,7.99487,2.84744,0.210589,15.632,1.53943e-05,0.00250736,0.349919,0.985172,0.014828,3.12479,3.11553,0.177434,0.864023,0.598482,0.0992419,61.6903,0,307.634,0,0.014579,0,0,72,0,0.844165,1.42522,0.0808081,2.03489,4.90564,1.42336,0.00020002,1.94744,0.925075,2.72891,1.95928,0.482259,0.345124,0.075689,7.2762,0.112035,0.652595,0.663657,23.6144,0.0907935,23.6144,0.23537,0.974355,1.92001,1.58243,1.63198,1.43204,3.60172,0.151977,19.5671,13.9695,-0.271141,8.9529e+14,3.98975e+12,-0.00896418,4.02092e+12,0,0,0,3.6342e+13,-0.00156241,16.9281,22.0528,-0.0248392,2.79773,-0.499897,0.0975536,8.64641,1.17251e-07,0.00819379,0.0865686,-0.000415259,0.000415259,-0.00557919,1.12022,0.0582669,0.946233,0.66656,-0.0248105,36.3451,0,170.525,0,0.00480259,0,0,-18,0,0.123076,0.0835069,0.0209828,0.276231,1.85554,1.31268,1.09651e-05,1.24476,0.216515,0.339347,0.626949,-0.0488708,-0.0709942,0.0274741,0.190258,-0.00236647,-0.0335879,0.0667376,14.3187,-0.00529507,14.3187,0.0359543,0.375371,0.362735,0.193269,0.336738,0.192468,0.0267911,0.188775,9.7473,1.08962
B24,B,5.67648,8.02536e+13,3.84933e+11,0.258382,3.87941e+11,0,10.1562,10.1562,3.44728e+12,0.292591,34.3881,25.5754,0.312457,14.155,5.70438,0.815154,10.53,-0.000108597,0.0894186,0.688998,0.949776,0.0502241,3.37594,3.29017,0.549999,0.78705,0.524628,0.103461,50.6095,0,200.344,0,0.017394,0,0,71,0,1.17414,1.76597,0.111773,2.26048,4.13646,2.34928,-0.000232353,1.9063,1.29711,2.89184,1.04741,0.18613,0.229057,0.0593166,7.68518,0.0708696,0.470889,2.05123,26.2533,0.131423,26.2533,0.458242,1.80291,2.66418,2.18884,2.27213,2.2311,3.46361,0.265091,28.3348,4.61263,6.29199,1.69282e+14,7.75918e+11,0.0320292,7.8198e+11,0,10.4688,10.4688,6.39226e+12,0.256235,17.929,55.7766,0.241286,8.30798,3.72507,0.304902,10.5463,-7.67884e-05,0.0104611,0.38933,0.985778,0.0142224,2.72248,2.54467,0.226639,0.590854,0.400155,0.0553734,43.3179,0,207.315,0,0.0141349,0,0,38,0,0.884971,1.49039,0.083481,2.02961,3.77686,1.13891,0.000235612,0.952016,0.919925,2.6814,1.68813,0.260458,0.291991,0.0606028,7.21299,0.129052,0.490964,1.90773,13.9205,0.105014,13.9205,0.379984,0.711346,1.44399,0.657148,1.2477,0.681203,3.65624,0.496781,10.6037,11.2459,-0.61551,-8.90284e+13,-3.90985e+11,0.226353,-3.94039e+11,0,-0.3125,-0.3125,-2.94498e+12,0.036356,16.4591,-30.2012,0.0711713,5.84698,1.97931,0.510251,-0.0162813,-3.18091e-05,0.0789575,0.299668,-0.0360017,0.0360017,0.653457,0.745506,0.32336,0.196196,0.124473,0.0480874,7.29158,0,-6.97118,0,0.00325911,0,0,33,0,0.289168,0.27558,0.0282918,0.23087,0.359598,1.21036,-0.000467964,0.95428,0.377189,0.210446,-0.640722,-0.0743283,-0.0629342,-0.00128616,0.472187,-0.0581821,-0.0200752,0.143503,12.3328,0.026409,12.3328,0.0782573,1.09156,1.22019,1.53169,1.02443,1.54989,-0.192638,-0.23169,17.7311,-6.63329
B25,B,5.64062,1.50134e+15,6.14856e+12,0.0235199,6.1966e+12,0,10.4688,10.4688,5.86588e+13,0.25293,48.7284,44.8788,0.236134,13.5492,3.71888,0.428827,22.2398,-1.42402e-05,0.0158803,0.465496,0.976034,0.0239664,3.27145,5.25159,0.33054,2.20126,1.35376,0.14825,93.6228,0,433.786,0,0.0227098,0,0,108,0,1.11114,1.63264,0.1238,2.4854,8.35065,3.62293,0.000193324,3.04069,1.34013,3.1771,1.88133,0.226256,0.247895,0.125158,7.74688,0.0777439,0.645144,0.937401,49.4954,0.0830512,49.4954,0.277112,1.84331,2.52851,2.2616,2.20151,2.20318,3.57706,0.61708,39.8239,19.074,5.53113,7.18365e+14,2.92273e+12,0.0445011,2.94556e+12,0,10.1562,10.1562,2.74904e+13,0.253651,41.4239,57.0686,0.115341,7.17291,2.57875,0.319261,29.4237,1.46131e-05,0.0222322,0.676547,0.993336,0.00666426,2.88438,3.39375,0.22566,1.37892,0.882081,0.026081,122.211,0,584.535,0,0.0112686,0,0,19,0,0.837034,1.46541,0.0723529,1.85814,4.85899,2.64603,3.29236e-05,2.32275,0.856718,2.50033,1.73595,0.206811,0.24446,0.0827361,7.23381,0.132711,0.521129,1.68342,37.7076,0.0818012,37.7076,0.346161,1.21346,2.15941,2.10321,2.14602,1.54851,3.68933,0.94694,25.4799,11.9514,0.109492,7.82975e+14,3.22583e+12,-0.0209812,3.25104e+12,0,0.3125,0.3125,3.11684e+13,-0.000721111,7.30446,-12.1898,0.120794,6.3763,1.14013,0.109566,-7.18392,-2.88534e-05,-0.00635196,-0.211051,-0.0173022,0.0173022,0.387073,1.85783,0.10488,0.822345,0.471675,0.122169,-28.5885,0,-150.749,0,0.0114412,0,0,89,0,0.274106,0.167232,0.0514475,0.627255,3.49167,0.976903,0.0001604,0.717941,0.483412,0.676774,0.145374,0.0194454,0.00343492,0.0424221,0.51307,-0.0549666,0.124015,-0.746016,11.7878,0.00124991,11.7878,-0.0690485,0.629858,0.369098,0.158387,0.0554933,0.654678,-0.112267,-0.32986,14.344,7.12256
B26,B,5.51728,1.00228e+15,4.23363e+12,0.0356595,4.26671e+12,0,10.1562,10.1562,3.94114e+13,0.253891,46.5989,31.0116,0.202752,13.5027,2.82736,0.488821,21.4918,-3.12708e-05,0.0251185,0.531573,0.977329,0.0226713,3.22397,4.35751,0.347826,1.89826,1.27952,0.0575221,92.1222,0,420.605,0,0.0213771,0,0,39,0,1.11792,1.65109,0.122853,2.45351,6.62764,3.93525,0.000225472,3.60103,1.33871,3.23035,2.23551,0.302841,0.240561,0.0902,7.53938,0.111859,0.508184,1.96381,33.1679,0.0838956,33.1679,0.379957,1.84182,2.56552,2.41435,2.41074,2.26857,3.64945,0.865293,24.9522,4.68842,5.60576,4.18587e+14,1.31098e+12,0.0461581,1.32122e+12,0,10.1562,10.1562,1.25989e+13,0.254973,41.06,63.5701,0.153331,10.1032,3.18557,0.497585,20.1332,-1.25417e-05,0.00395953,0.672836,0.989347,0.0106531,2.84006,3.08705,0.325949,1.3391,0.699932,0.0162242,87.3087,0,398.341,0,0.0128133,0,0,11,0,1.00104,1.61176,0.0953433,2.06535,4.05913,4.20392,0.000243833,1.71951,1.09328,2.75077,1.57237,0.360476,0.306769,0.0731122,7.29596,0.136715,0.428962,2.41414,25.294,0.108977,25.294,0.434324,1.06405,1.38698,1.35374,1.68386,1.59969,3.65616,0.453513,20.5426,11.0805,-0.088475,5.83691e+14,2.92265e+12,-0.0104987,2.94548e+12,0,0,0,2.68125e+13,-0.00108167,5.53887,-32.5585,0.0494205,3.39957,-0.358211,-0.00876412,1.35864,-1.87291e-05,0.021159,-0.141263,-0.0120182,0.0120182,0.383916,1.27046,0.0218766,0.559163,0.579585,0.0412979,4.81353,0,22.2638,0,0.00856379,0,0,28,0,0.116884,0.0393291,0.0275094,0.388158,2.56851,-0.268671,-1.83615e-05,1.88152,0.245435,0.479575,0.663141,-0.0576346,-0.0662086,0.0170878,0.243428,-0.0248554,0.0792223,-0.450331,7.87386,-0.0250817,7.87386,-0.0543668,0.777763,1.17854,1.06061,0.726879,0.668878,-0.00670836,0.411781,4.40954,-6.39212
P1,P,5.44587,4.26461e+16,1.09299e+14,0.000894062,1.10153e+14,0,10.1562,10.1562,1.09335e+15,0.249985,172.531,169.04,0.21464,9.90707,2.24945,0.477557,87.9438,1.07325e-05,0.0471488,0.474271,0.973046,0.0269544,3.09227,18.8763,0.313151,5.70181,3.13418,0.10732,367.544,0,1714.33,0,0.0141523,0,0,81,0,0.970813,1.55868,0.0893874,2.07316,28.2596,13.5685,7.84637e-05,13.8274,1.00809,2.736,9.98413,0.287887,0.265981,0.409164,7.34591,0.139957,0.510554,2.46061,107.987,0.0851317,107.987,0.349489,1.68384,1.54624,1.7578,2.75668,2.1198,3.70849,1.18826,71.2161,49.414,5.52677,2.8001e+14,1.11405e+12,0.174194,1.12275e+12,0,10.1562,10.1562,1.04498e+13,0.276486,24.2637,63.0299,0.217937,6.70579,2.60784,0.235787,21.2328,1.98962e-06,0.00752517,0.294772,0.981191,0.0188089,3.16308,4.6274,0.173743,0.958338,0.634824,0.0569725,83.901,0,416.23,0,0.0115353,0,0,43,0,0.805714,1.41394,0.070181,1.86503,6.6559,1.95789,4.08497e-05,2.28301,0.79787,2.52041,2.07695,0.3143,0.287506,0.0953857,7.1606,0.138135,0.612047,0.81841,25.8566,0.0792939,25.8566,0.249818,1.40911,1.4328,1.47004,2.59608,1.62194,3.66862,0.577854,18.9373,17.6733,-0.0809022,4.23661e+16,1.08185e+14,-0.1733,1.0903e+14,0,0,0,1.0829e+15,-0.0265008,148.267,106.01,-0.00329619,3.20128,-0.35839,0.241769,66.711,8.74293e-06,0.0396236,0.1795,-0.00814557,0.00814557,-0.0708138,14.2489,0.139408,4.74347,2.49936,0.0503478,283.643,0,1298.1,0,0.00261697,0,0,38,0,0.165099,0.144742,0.0192064,0.208135,21.6037,11.6106,3.7614e-05,11.5444,0.210218,0.215592,7.90718,-0.0264129,-0.0215244,0.313779,0.185303,0.00182213,-0.101493,1.6422,82.1301,0.00583781,82.1301,0.099671,0.274731,0.113437,0.287755,0.160603,0.497866,0.0398697,0.610404,52.2788,31.7406
P2,P,5.55127,6.43322e+16,2.9714e+14,0.000929723,2.99461e+14,0,10.1562,10.1562,2.70808e+15,0.249985,194.102,218.451,0.259995,8.13664,2.62258,0.344677,129.998,-2.23058e-05,0.0202686,0.451568,0.965038,0.0349622,3.32525,33.7988,0.240799,6.56563,4.42049,0.0567282,525.303,0,2512.11,0,0.0128313,0,0,43,0,0.877084,1.4821,0.0783409,1.97181,48.5615,12.7683,0.000203309,17.228,0.892777,2.58587,11.2058,0.311404,0.295928,0.537208,7.36604,0.138051,0.540793,1.15729,163.995,0.0806612,163.995,0.321155,1.8911,2.45509,1.89147,2.70892,2.24198,3.70545,0.993579,108.658,31.1404,5.74652,3.76151e+14,1.60948e+12,0.0711936,1.62205e+12,0,10.1562,10.1562,1.44365e+13,0.25954,27.002,45.42,0.185364,8.45785,3.90822,0.263042,19.4368,-2.27099e-05,0.00417122,0.40975,0.985287,0.014713,2.98411,3.60288,0.205587,1.12815,0.739537,0.134565,77.9501,0,382.757,0,0.0144895,0,0,102,0,0.873746,1.45855,0.0833822,2.04745,5.70676,1.94383,0.00018169,3.08932,0.94765,2.74984,2.47065,0.335396,0.299617,0.0859704,7.33365,0.125357,0.595489,0.957154,26.4133,0.0740564,26.4133,0.279154,1.24726,2.27848,1.82173,2.40732,1.64034,3.6737,0.772714,18.7116,15.2274,-0.195253,6.39561e+16,2.9553e+14,-0.0702639,2.97839e+14,0,0,0,2.69365e+15,-0.00955471,167.1,173.031,0.0746312,-0.321207,-1.28564,0.0816343,110.561,4.04157e-07,0.0160974,0.0418182,-0.0202491,0.0202491,0.341141,30.1959,0.0352119,5.43749,3.68095,-0.0778364,447.353,0,2129.36,0,-0.0016582,0,0,-59,0,0.00333866,0.0235564,-0.00504132,-0.075642,42.8547,10.8244,2.16188e-05,14.1387,-0.0548737,-0.163972,8.73515,-0.0239923,-0.00368854,0.451237,0.0323909,0.0126942,-0.0546952,0.200137,137.581,0.00660485,137.581,0.0420009,0.64384,0.176609,0.0697437,0.301598,0.601642,0.0317515,0.220864,89.9467,15.913
P3,P,5.46824,1.26897e+17,6.69666e+14,0.000261532,6.74898e+14,0,10.4688,10.4688,6.19498e+15,0.249985,314.467,155.873,0.109497,5.34219,1.99223,0.310485,235.542,-1.28837e-05,0.00654429,0.778908,0.993905,0.00609481,3.36754,25.791,0.21447,7.33893,4.70137,0.0316369,984.313,0,4683.09,0,0.0073634,0,0,23,0,0.767155,1.43876,0.0547723,1.594,31.118,23.4993,4.84289e-05,10.3066,0.685512,2.1683,15.015,0.264825,0.326628,0.528816,6.95621,0.180075,0.299839,2.09499,221.806,0.138888,221.806,0.520086,1.4068,1.40047,1.67635,2.23776,1.61138,3.59338,0.220192,239.357,41.6938,5.5116,4.22403e+14,2.05599e+12,0.0617452,2.07205e+12,0,10.1562,10.1562,1.89742e+13,0.259059,26.2798,33.4144,0.324009,11.4827,2.75438,0.349381,16.4561,-0.000125136,0.00851812,0.210951,0.955538,0.0444622,3.40291,5.33191,0.26236,1.29514,0.905122,0.0522696,64.9974,0,314.067,0,0.0208813,0,0,38,0,1.01378,1.54626,0.10989,2.39005,7.60203,2.23538,3.26002e-05,1.58315,1.21201,3.1817,1.28325,0.223441,0.224793,0.0920998,7.40115,0.122034,0.544541,1.44039,22.2247,0.090234,22.2247,0.333425,2.05795,2.19184,2.43579,2.39739,2.19467,3.64718,0.692441,16.8586,6.65419,-0.0433578,1.26475e+17,6.6761e+14,-0.0614836,6.72826e+14,0,0.3125,0.3125,6.17601e+15,-0.00907397,288.187,122.459,-0.214512,-6.14046,-0.762146,-0.0388961,219.086,0.000112252,-0.00197383,0.567957,0.0383674,-0.0383674,-0.0353701,20.4591,-0.0478902,6.0438,3.79625,-0.0206327,919.315,0,4369.02,0,-0.0135179,0,0,-15,0,-0.246623,-0.107497,-0.0551177,-0.796057,23.5159,21.2639,1.58287e-05,8.72348,-0.526495,-1.0134,13.7318,0.0413842,0.101834,0.436716,-0.444941,0.0580408,-0.244701,0.654593,199.581,0.0486536,199.581,0.186661,-0.651147,-0.791377,-0.759443,-0.159625,-0.583292,-0.053796,-0.472249,222.498,35.0396
P4,P,5.47943,5.8061e+17,2.57387e+15,3.56892e-05,2.59397e+15,0,10.1562,10.1562,2.40364e+16,0.249985,414.457,335.01,0.110264,6.08184,2.13936,0.288139,327.888,-2.15114e-05,0.00445736,0.522932,0.99424,0.00576002,2.75699,36.1543,0.196228,12.8629,7.60245,0.058745,1333.28,0,6518.6,0,0.00911804,0,0,44,0,0.790114,1.42224,0.0621808,1.72056,54.3981,32.2927,0.000213716,18.3285,0.731847,2.3359,24.7138,0.31547,0.343801,0.940813,7.00995,0.195711,0.447213,2.29663,283.724,0.0728814,283.724,0.357076,0.977394,1.29562,1.46895,2.23677,1.28733,3.77736,1.14163,154.156,92.6716,5.46558,1.15822e+14,4.99338e+11,0.224659,5.03239e+11,0,10.1562,10.1562,4.70739e+12,0.284057,18.4818,27.0807,0.0953782,7.26358,2.27947,0.258545,15.7309,3.38181e-06,0.0020328,0.540713,0.995815,0.00418457,2.72499,1.50039,0.184808,0.78841,0.51208,0.034713,63.3197,0,313.285,0,0.0124581,0,0,26,0,0.827379,1.4274,0.0741029,1.92159,2.33345,1.48688,0.000145994,0.994643,0.852995,2.62918,1.1744,0.283406,0.281095,0.0416878,7.14401,0.154597,0.564605,0.912837,17.2592,0.0825279,17.2592,0.280798,1.32986,1.50601,2.0809,2.48713,1.44381,3.70908,0.384832,11.3948,5.56848,0.013844,5.80494e+17,2.57337e+15,-0.224623,2.59347e+15,0,0,0,2.40317e+16,-0.0340725,395.975,307.93,0.0148862,-1.18173,-0.140103,0.0295935,312.157,-2.48932e-05,0.00242456,-0.0177809,-0.00157545,0.00157545,0.0319991,34.6539,0.0114205,12.0745,7.09037,0.024032,1269.96,0,6205.32,0,-0.00334006,0,0,18,0,-0.037265,-0.00516162,-0.0119221,-0.201023,52.0647,30.8058,6.77222e-05,17.3338,-0.121149,-0.293284,23.5394,0.0320649,0.062706,0.899126,-0.134054,0.0411142,-0.117392,1.38379,266.465,-0.00964643,266.465,0.076278,-0.352466,-0.210385,-0.611951,-0.25036,-0.156482,0.0682887,0.756796,142.761,87.1032
P5,P,5.45911,2.34625e+16,1.00525e+14,0.00171702,1.01311e+14,0,10.1562,10.1562,9.38378e+14,0.249985,157.43,81.7623,0.131628,9.3629,2.92133,0.441557,86.5726,1.18992e-05,0.0413545,0.616735,0.991249,0.00875085,3.42137,11.3954,0.293112,4.83837,3.15773,0.0233196,365.052,0,1716.46,0,0.0135497,0,0,17,0,0.935305,1.52888,0.0836802,2.03353,15.8057,11.5051,0.0001257,5.6012,0.97751,2.7406,6.38736,0.332793,0.285741,0.263865,7.21998,0.161726,0.462565,2.41596,91.4447,0.0840535,91.4447,0.375709,1.48507,1.69755,1.73956,2.39871,1.82843,3.71642,1.11035,62.1776,17.6675,5.45309,1.0246e+13,4.11514e+10,6.03143,4.14729e+10,0,10.1562,10.1562,3.89069e+11,0.38327,6.94757,5.71404,0.0788082,7.77858,1.76634,0.222035,6.50211,2.49379e-06,0.00982245,0.573468,0.99695,0.00304963,3.08374,0.51242,0.170667,0.380464,0.23173,0.0123457,25.8354,0,129.632,0,0.0139799,0,0,9,0,0.829406,1.4114,0.0773041,1.99176,0.814325,0.557043,0.000144538,0.375033,0.882562,2.72029,0.449308,0.350359,0.288989,0.0169147,7.14311,0.143524,0.616238,0.851689,7.69564,0.121294,7.69564,0.240238,1.13386,1.91077,1.54343,2.68003,1.70321,3.61009,0.0732509,6.94241,1.669,0.00602651,2.34523e+16,1.00484e+14,-6.02972,1.01269e+14,0,0,0,9.37988e+14,-0.133285,150.483,76.0482,0.0528196,1.58432,1.15499,0.219522,80.0705,9.4054e-06,0.0315321,0.0432675,-0.00570122,0.00570122,0.337627,10.8829,0.122444,4.4579,2.926,0.0109739,339.216,0,1586.83,0,-0.000430138,0,0,8,0,0.105899,0.11748,0.00637602,0.0417779,14.9913,10.9481,-1.88379e-05,5.22616,0.094948,0.0203158,5.93805,-0.0175653,-0.00324886,0.24695,0.0768726,0.0182021,-0.153673,1.56427,83.7491,-0.0372407,83.7491,0.135471,0.351209,-0.213224,0.196135,-0.281317,0.125217,0.106331,1.0371,55.2352,15.9985
P6,P,5.57717,3.58499e+16,1.86778e+14,0.000639176,1.88237e+14,0,10.1562,10.1562,1.68297e+15,0.249985,315.289,190.473,0.314737,11.1284,4.05832,0.777307,107.955,-2.86971e-05,0.0571507,0.550701,0.938913,0.0610873,3.41085,33.9773,0.467299,5.39022,3.67507,0.124871,496.219,0,2039.51,0,0.0119195,0,0,91,0,1.06298,1.6954,0.0894225,2.00605,48.3187,19.4124,0.000361812,24.4436,1.13265,2.66331,15.6569,0.391121,0.349205,0.669065,7.40766,0.110705,0.359645,2.47969,164.514,0.13862,164.514,0.529649,1.91398,1.85709,1.96554,1.96815,2.5293,3.56271,0.364451,165.092,35.1496,5.52834,1.29941e+14,6.42364e+11,0.215675,6.47383e+11,0,10.1562,10.1562,5.92774e+12,0.277748,27.2873,41.316,0.226523,8.9747,2.74926,0.383555,14.9805,9.14761e-06,0.0201179,0.471895,0.977352,0.0226479,3.27204,3.39344,0.279087,0.859471,0.577934,0.0878216,63.0482,0,292.616,0,0.0142903,0,0,64,0,0.934969,1.54354,0.0885318,2.06158,5.02238,1.77168,4.33577e-05,1.92515,1.017,2.72971,1.80941,0.384117,0.298981,0.07167,7.41838,0.091525,0.631045,0.831122,27.7503,0.10205,27.7503,0.27743,1.60809,2.40663,2.37354,1.81565,1.70244,3.53651,0.604532,25.5361,5.66964,0.0488297,3.57199e+16,1.86136e+14,-0.215036,1.8759e+14,0,0,0,1.67704e+15,-0.0277628,288.001,149.157,0.0882138,2.15374,1.30906,0.393752,92.9741,-3.78447e-05,0.0370328,0.0788063,-0.0384394,0.0384394,0.138809,30.5839,0.188212,4.53074,3.09713,0.0370497,433.171,0,1746.89,0,-0.0023708,0,0,27,0,0.128009,0.151861,0.000890687,-0.0555268,43.2963,17.6407,0.000318454,22.5184,0.115646,-0.0663998,13.8475,0.00700465,0.050224,0.597395,-0.0107194,0.0191803,-0.271399,1.64857,136.764,0.0365693,136.764,0.252219,0.305896,-0.549537,-0.408002,0.152497,0.826861,0.0262037,-0.240081,139.556,29.48
P7,P,5.45288,1.04765e+16,4.95367e+13,0.00474557,4.99237e+13,0,10.1562,10.1562,4.64265e+14,0.249985,89.9598,103.752,0.203985,7.16982,2.71302,0.268156,74.2201,-5.98503e-07,0.0113426,0.29778,0.97907,0.0209298,3.43475,15.1398,0.19135,3.44997,2.36246,0.0428519,296.783,0,1453.95,0,0.0120322,0,0,29,0,0.823195,1.43513,0.0725289,1.89844,22.6316,6.55047,0.000202324,6.47709,0.850071,2.59188,5.03119,0.233852,0.265991,0.310879,7.06546,0.155977,0.492122,1.46445,79.5264,0.0767752,79.5264,0.3519,1.68536,2.47938,2.03186,2.57554,2.28837,3.74464,0.977961,46.3035,22.2572,6.2972,6.51039e+13,3.81806e+11,0.103951,3.84789e+11,0,15.1562,15.1562,2.94456e+12,0.267712,15.7405,42.6553,0.375832,11.9807,4.39053,0.323768,7.72474,3.96972e-06,0.0124554,0.29625,0.952376,0.0476244,3.26759,2.9032,0.266421,0.662512,0.43169,0.128556,30.521,0,146.502,0,0.0214678,0,0,87,0,1.04088,1.56345,0.114006,2.42745,4.43767,1.06217,0.000396766,1.63469,1.23028,3.16178,1.79677,0.275902,0.246087,0.0667226,7.4821,0.0773964,0.703338,0.720295,16.7801,0.0881557,16.7801,0.219266,1.15181,2.0355,1.10368,1.66194,1.55028,3.50999,0.347124,15.7345,16.0676,-0.84432,1.04114e+16,4.91549e+13,-0.0992058,4.9539e+13,0,-5,-5,4.6132e+14,-0.0177273,74.2194,61.0967,-0.171846,-4.81086,-1.6775,-0.0556117,66.4953,-4.56822e-06,-0.00111282,0.00152964,0.0266946,-0.0266946,0.167154,12.2366,-0.0750705,2.78746,1.93077,-0.0857037,266.262,0,1307.45,0,-0.00943563,0,0,-58,0,-0.217689,-0.128314,-0.0414775,-0.529013,18.194,5.4883,-0.000194442,4.8424,-0.380208,-0.569903,3.23442,-0.0420497,0.0199038,0.244156,-0.416641,0.0785807,-0.211215,0.744157,62.7463,-0.0113805,62.7463,0.132635,0.533547,0.443881,0.928175,0.913598,0.738091,0.23465,0.630838,30.5689,6.18962
P8,P,5.48864,7.93121e+16,2.07648e+14,0.000341376,2.09271e+14,0,10.1562,10.1562,2.01985e+15,0.249985,217.632,177.388,0.183211,8.25681,2.10261,0.457471,126.613,-3.48757e-05,0.0448434,0.492077,0.981592,0.0184081,3.38621,23.1969,0.273035,7.69535,3.48521,0.10828,526.578,0,2487.05,0,0.0113439,0,0,68,0,0.895255,1.50879,0.0756078,1.90163,33.9655,15.238,0.000146876,16.8265,0.881091,2.52238,11.8578,0.307688,0.315106,0.460836,7.05687,0.159668,0.474384,2.27422,136.113,0.0821873,136.113,0.365947,1.35753,2.17169,1.74166,2.49748,1.79256,3.72198,1.20669,89.4774,32.5107,5.49531,2.85004e+14,1.46111e+12,0.0894585,1.47253e+12,0,10.3125,10.3125,1.3596e+13,0.25972,22.0903,38.585,0.20747,9.31612,2.55417,0.257134,17.8784,-1.61305e-06,0.00798048,0.284771,0.977589,0.0224111,3.33345,3.70923,0.192742,1.18385,0.804362,0.0859873,70.0284,0,349.705,0,0.0171756,0,0,54,0,0.89938,1.45098,0.0908658,2.18882,5.68543,1.7656,0.000121389,2.6592,1.00612,2.94219,2.03779,0.270409,0.254743,0.0757604,7.15468,0.1214,0.648089,0.658899,24.8317,0.0912758,24.8317,0.230511,1.51366,2.42768,1.97779,2.44422,1.98853,3.61606,0.166238,20.3226,7.47352,-0.0066629,7.90271e+16,2.06187e+14,-0.0891171,2.07798e+14,0,-0.15625,-0.15625,2.00626e+15,-0.00973499,195.542,138.803,-0.0242586,-1.05932,-0.451562,0.200337,108.734,-3.32626e-05,0.0368629,0.207306,0.00400299,-0.00400299,0.0527582,19.4876,0.0802934,6.5115,2.68085,0.022293,456.55,0,2137.35,0,-0.00583171,0,0,14,0,-0.00412463,0.057806,-0.0152579,-0.287198,28.2801,13.4724,2.54869e-05,14.1673,-0.125027,-0.419802,9.82006,0.0372787,0.0603629,0.385076,-0.0978117,0.0382686,-0.173705,1.61532,111.282,-0.00908843,111.282,0.135436,-0.156122,-0.255982,-0.236127,0.0532615,-0.195976,0.105916,1.04045,69.1548,25.0372
P9,P,5.47961,3.86132e+16,1.82834e+14,0.000979729,1.84263e+14,0,10.4688,10.4688,1.71482e+15,0.249985,175.716,307.009,0.298461,7.50174,2.10464,0.326861,115.964,-0.000112243,0.0192997,0.23133,0.960917,0.0390829,3.26057,34.6107,0.231687,6.1216,3.28083,0.0233813,464.434,0,2224.44,0,0.0112259,0,0,13,0,0.85791,1.4739,0.0730589,1.88367,49.0141,10.7132,0.000300247,8.5303,0.885548,2.55451,12.8126,0.447689,0.375874,0.636689,6.8563,0.15312,0.513359,1.25024,124.553,0.0879479,124.553,0.333521,1.33752,1.47483,1.55621,2.25674,1.97884,3.69135,0.970275,88.9354,50.2575,5.85282,5.78214e+13,2.75637e+11,0.330533,2.7779e+11,0,10.3125,10.3125,2.42045e+12,0.29854,13.6974,30.041,0.205908,8.79452,3.47335,0.262919,10.0001,2.62883e-05,0.00673809,0.577563,0.980251,0.0197494,3.36478,2.0591,0.204233,0.614988,0.425865,0.0503597,39.7138,0,195.976,0,0.0162559,0,0,28,0,0.87816,1.44764,0.0868525,2.12536,3.09679,0.958607,0.000511624,1.16649,0.976685,2.76838,0.895507,0.444818,0.353886,0.042805,7.2173,0.063424,0.80746,0.700288,27.293,0.165603,27.293,0.129116,1.46868,2.38686,2.30841,1.73253,1.5752,3.25298,0.0946576,36.1727,7.27094,-0.373209,3.85554e+16,1.82559e+14,-0.329553,1.83985e+14,0,0.15625,0.15625,1.7124e+15,-0.0485548,162.018,276.968,0.092553,-1.29277,-1.36871,0.063942,105.964,-0.000138531,0.0125616,-0.346233,-0.0193335,0.0193335,-0.104207,32.5516,0.0274534,5.50661,2.85497,-0.0269784,424.72,0,2028.47,0,-0.00503002,0,0,-15,0,-0.02025,0.0262583,-0.0137936,-0.241694,45.9173,9.75457,-0.000211377,7.3638,-0.0911369,-0.21387,11.9171,0.00287073,0.021987,0.593884,-0.360997,0.0896964,-0.294101,0.549955,97.2597,-0.077655,97.2597,0.204405,-0.131159,-0.912026,-0.7522,0.524219,0.403647,0.438365,0.875617,52.7627,42.9865
